index,Date,IN,OUT,Postgraduate,Undergraduate,Assistive-Tech,Library-Staff,Staff,Sconul,Default,BN,Other,Term_dates,Pressure_in,Month,Day,Condition,temp_hi,temp_low,day
0.0,2018-01-02,1807.0,1736.0,528.0,883.0,61.0,3.0,45.0,3.0,21.0,28.0,235.0,Christmas vacation 1,0,2018_01,2,scattered showers,12,3,02
1.0,2018-01-03,2096.0,2107.0,580.0,955.0,96.0,1.0,64.0,13.0,21.0,37.0,329.0,Christmas vacation 1,0,2018_01,3,mostly cloudy,13,7,03
2.0,2018-01-04,2914.0,2894.0,731.0,1474.0,123.0,3.0,78.0,30.0,47.0,101.0,327.0,Christmas vacation 1,0,2018_01,4,scattered showers,13,6,04
3.0,2018-01-05,3199.0,3245.0,845.0,1630.0,147.0,1.0,74.0,17.0,53.0,123.0,309.0,Christmas vacation 1,0,2018_01,5,mostly sunny,9,3,05
4.0,2018-01-06,2700.0,2759.0,654.0,1484.0,134.0,0.0,11.0,6.0,38.0,110.0,263.0,Christmas vacation 1,0,2018_01,6,mostly sunny,6,2,06
5.0,2018-01-07,3222.0,3202.0,708.0,1929.0,142.0,1.0,17.0,6.0,30.0,137.0,252.0,Christmas vacation 1,0,2018_01,7,partly cloudy,5,3,07
6.0,2018-01-08,4755.0,4774.0,958.0,3018.0,257.0,2.0,80.0,11.0,90.0,23.0,316.0,Private study 1,0,2018_01,8,mostly cloudy,4,3,08
7.0,2018-01-09,5610.0,5585.0,1144.0,3640.0,301.0,2.0,70.0,11.0,78.0,29.0,335.0,Private study 1,0,2018_01,9,foggy,8,4,09
8.0,2018-01-10,6544.0,6563.0,1220.0,4382.0,334.0,1.0,100.0,14.0,112.0,42.0,339.0,Private study 1,0,2018_01,10,mostly sunny,10,2,10
9.0,2018-01-11,6314.0,6441.0,1224.0,4333.0,308.0,3.0,89.0,18.0,62.0,27.0,250.0,Mid-year assessment,0,2018_01,11,foggy,7,1,11
10.0,2018-01-12,5081.0,5208.0,960.0,3470.0,320.0,1.0,59.0,21.0,62.0,34.0,154.0,Mid-year assessment,0,2018_01,12,foggy,7,5,12
11.0,2018-01-13,4293.0,4335.0,737.0,2936.0,239.0,1.0,13.0,10.0,55.0,50.0,252.0,Mid-year assessment,0,2018_01,13,cloudy,7,4,13
12.0,2018-01-14,5242.0,5244.0,756.0,3776.0,313.0,1.0,20.0,12.0,36.0,69.0,259.0,Mid-year assessment,0,2018_01,14,cloudy,7,4,14
13.0,2018-01-15,5878.0,5933.0,927.0,4126.0,358.0,1.0,54.0,9.0,86.0,45.0,272.0,Mid-year assessment,0,2018_01,15,scattered showers,11,5,15
14.0,2018-01-16,5904.0,6008.0,995.0,4052.0,409.0,1.0,61.0,11.0,80.0,28.0,267.0,Mid-year assessment,0,2018_01,16,mostly sunny,7,1,16
15.0,2018-01-17,5665.0,5713.0,948.0,3853.0,358.0,1.0,102.0,10.0,61.0,44.0,288.0,Mid-year assessment,0,2018_01,17,mostly sunny,7,2,17
16.0,2018-01-18,5161.0,5347.0,752.0,3670.0,326.0,1.0,59.0,7.0,60.0,37.0,249.0,Mid-year assessment,0,2018_01,18,partly cloudy,11,3,18
17.0,2018-01-19,4103.0,4269.0,631.0,2851.0,210.0,1.0,53.0,2.0,84.0,21.0,250.0,Mid-year assessment,0,2018_01,19,mostly sunny,7,0,19
18.0,2018-01-20,2456.0,2626.0,359.0,1669.0,177.0,1.0,17.0,3.0,42.0,15.0,173.0,Mid-year assessment,0,2018_01,20,scattered showers,5,1,20
19.0,2018-01-21,2933.0,2937.0,354.0,2107.0,188.0,0.0,10.0,10.0,21.0,37.0,206.0,Mid-year assessment,0,2018_01,21,scattered showers,11,1,21
20.0,2018-01-22,3949.0,3977.0,647.0,2665.0,218.0,1.0,66.0,20.0,86.0,27.0,219.0,Mid-year assessment,0,2018_01,22,mostly cloudy,11,8,22
21.0,2018-01-23,3236.0,3285.0,659.0,2088.0,144.0,2.0,73.0,8.0,66.0,14.0,182.0,Mid-year assessment,0,2018_01,23,scattered showers,12,8,23
22.0,2018-01-24,2847.0,2885.0,602.0,1765.0,142.0,1.0,82.0,3.0,38.0,9.0,205.0,Winter graduation,0,2018_01,24,scattered showers,13,6,24
23.0,2018-01-25,2284.0,2326.0,538.0,1318.0,126.0,2.0,54.0,8.0,46.0,7.0,185.0,Winter graduation,0,2018_01,25,mostly sunny,10,6,25
24.0,2018-01-26,967.0,1032.0,372.0,337.0,59.0,2.0,62.0,9.0,27.0,9.0,90.0,Winter graduation,0,2018_01,26,mostly cloudy,8,1,26
25.0,2018-01-27,432.0,483.0,120.0,128.0,30.0,0.0,20.0,8.0,20.0,9.0,97.0,Inter-session week,0,2018_01,27,scattered showers,11,1,27
26.0,2018-01-28,469.0,465.0,129.0,145.0,36.0,1.0,10.0,4.0,27.0,0.0,117.0,Inter-session week,0,2018_01,28,mostly cloudy,13,8,28
27.0,2018-01-29,1005.0,992.0,316.0,414.0,55.0,3.0,49.0,7.0,43.0,34.0,84.0,Inter-session week,0,2018_01,29,mostly cloudy,11,5,29
28.0,2018-01-30,1016.0,1015.0,331.0,398.0,61.0,1.0,66.0,5.0,32.0,6.0,116.0,Inter-session week,0,2018_01,30,partly cloudy,10,-2,30
29.0,2018-01-31,990.0,1013.0,362.0,372.0,62.0,2.0,73.0,5.0,34.0,11.0,69.0,Inter-session week,0,2018_01,31,partly cloudy,10,2,31
30.0,2018-02-01,1068.0,1071.0,348.0,440.0,54.0,2.0,63.0,29.0,36.0,10.0,86.0,Inter-session week,0,2018_02,1,partly cloudy,7,2,01
31.0,2018-02-02,1055.0,1124.0,337.0,432.0,39.0,2.0,51.0,3.0,85.0,9.0,97.0,Inter-session week,0,2018_02,2,mostly cloudy,7,3,02
32.0,2018-02-03,473.0,529.0,133.0,182.0,21.0,1.0,14.0,3.0,19.0,19.0,81.0,Inter-session week,0,2018_02,3,scattered showers,4,3,03
33.0,2018-02-04,625.0,628.0,148.0,280.0,39.0,1.0,2.0,3.0,26.0,9.0,117.0,Inter-session week,0,2018_02,4,partly cloudy,5,1,04
34.0,2018-02-05,4467.0,4488.0,870.0,2889.0,293.0,1.0,78.0,22.0,79.0,44.0,191.0,Spring term,0,2018_02,5,partly cloudy,4,1,05
35.0,2018-02-06,4585.0,4626.0,882.0,3004.0,293.0,1.0,98.0,6.0,43.0,15.0,243.0,Spring term,0,2018_02,6,mostly sunny,4,-1,06
36.0,2018-02-07,3220.0,3304.0,878.0,1832.0,196.0,3.0,66.0,22.0,42.0,23.0,158.0,Spring term,0,2018_02,7,partly cloudy,6,-1,07
37.0,2018-02-08,4039.0,4056.0,854.0,2566.0,258.0,4.0,95.0,18.0,38.0,23.0,183.0,Spring term,0,2018_02,8,mostly sunny,7,-5,08
38.0,2018-02-09,2815.0,2904.0,612.0,1798.0,187.0,1.0,59.0,5.0,41.0,10.0,102.0,Spring term,0,2018_02,9,scattered showers,6,2,09
39.0,2018-02-10,655.0,741.0,161.0,328.0,24.0,0.0,4.0,1.0,15.0,7.0,115.0,Spring term,0,2018_02,10,scattered showers,9,-2,10
40.0,2018-02-11,1115.0,1102.0,243.0,604.0,63.0,1.0,20.0,0.0,20.0,24.0,140.0,Spring term,0,2018_02,11,mostly sunny,10,2,11
41.0,2018-02-12,5126.0,5086.0,1073.0,3346.0,301.0,1.0,66.0,8.0,78.0,34.0,219.0,Spring term,0,2018_02,12,mostly sunny,6,-2,12
42.0,2018-02-13,4828.0,4901.0,1022.0,3149.0,276.0,2.0,66.0,14.0,54.0,14.0,231.0,Spring term,0,2018_02,13,scattered showers,5,2,13
43.0,2018-02-14,2901.0,3006.0,836.0,1622.0,186.0,2.0,54.0,9.0,48.0,9.0,135.0,Spring term,0,2018_02,14,mostly sunny,7,-1,14
44.0,2018-02-15,4134.0,4288.0,818.0,2703.0,249.0,1.0,72.0,9.0,62.0,7.0,213.0,Spring term,0,2018_02,15,mostly sunny,10,2,15
45.0,2018-02-16,2881.0,2930.0,645.0,1753.0,163.0,2.0,66.0,11.0,58.0,12.0,171.0,Spring term,0,2018_02,16,mostly sunny,10,-1,16
46.0,2018-02-17,834.0,898.0,222.0,431.0,32.0,2.0,6.0,4.0,20.0,14.0,103.0,Spring term,0,2018_02,17,mostly sunny,10,-1,17
47.0,2018-02-18,1205.0,1218.0,276.0,679.0,68.0,1.0,12.0,4.0,23.0,8.0,134.0,Spring term,0,2018_02,18,foggy,10,-2,18
48.0,2018-02-19,5291.0,5219.0,991.0,3581.0,302.0,3.0,73.0,14.0,81.0,49.0,197.0,Spring term,0,2018_02,19,scattered showers,11,6,19
49.0,2018-02-20,5326.0,5342.0,951.0,3655.0,308.0,3.0,67.0,16.0,94.0,20.0,212.0,Spring term,0,2018_02,20,scattered showers,10,5,20
50.0,2018-02-21,3875.0,4002.0,920.0,2338.0,213.0,3.0,95.0,9.0,94.0,17.0,186.0,Spring term,0,2018_02,21,foggy,7,1,21
51.0,2018-02-22,3168.0,3267.0,612.0,2147.0,162.0,3.0,49.0,19.0,45.0,6.0,125.0,Spring term,0,2018_02,22,mostly cloudy,5,-1,22
52.0,2018-02-23,2270.0,2293.0,467.0,1413.0,146.0,2.0,32.0,10.0,86.0,2.0,112.0,Spring term,0,2018_02,23,mostly sunny,4,-3,23
53.0,2018-02-24,935.0,975.0,214.0,473.0,71.0,1.0,13.0,6.0,55.0,9.0,93.0,Spring term,0,2018_02,24,mostly sunny,5,-4,24
54.0,2018-02-25,884.0,913.0,174.0,501.0,38.0,1.0,18.0,4.0,48.0,8.0,92.0,Spring term,0,2018_02,25,mostly sunny,4,-3,25
55.0,2018-02-26,3552.0,3501.0,651.0,2339.0,238.0,2.0,71.0,6.0,54.0,25.0,166.0,Spring term,0,2018_02,26,partly cloudy,2,-3,26
56.0,2018-02-27,3027.0,3088.0,605.0,2034.0,179.0,2.0,36.0,3.0,49.0,11.0,108.0,Spring term,0,2018_02,27,partly cloudy,-1,-5,27
57.0,2018-02-28,2972.0,2990.0,599.0,1952.0,170.0,2.0,36.0,4.0,65.0,3.0,141.0,Spring term,0,2018_02,28,mostly sunny,-2,-10,28
58.0,2018-03-01,4260.0,4333.0,700.0,2917.0,284.0,2.0,67.0,4.0,76.0,18.0,192.0,Spring term,0,2018_03,1,snow,0,-5,01
59.0,2018-03-02,2880.0,2922.0,574.0,1871.0,163.0,2.0,75.0,5.0,79.0,9.0,102.0,Spring term,0,2018_03,2,foggy,0,-2,02
60.0,2018-03-03,1191.0,1265.0,315.0,635.0,47.0,2.0,14.0,4.0,62.0,14.0,98.0,Spring term,0,2018_03,3,foggy,7,0,03
61.0,2018-03-04,1453.0,1446.0,277.0,873.0,69.0,1.0,6.0,6.0,73.0,10.0,138.0,Spring term,0,2018_03,4,foggy,8,1,04
62.0,2018-03-05,4477.0,4450.0,747.0,3085.0,232.0,2.0,68.0,4.0,168.0,17.0,154.0,Spring term,0,2018_03,5,mostly cloudy,8,5,05
63.0,2018-03-06,4764.0,4842.0,761.0,3319.0,289.0,2.0,82.0,12.0,108.0,10.0,181.0,Spring term,0,2018_03,6,partly cloudy,10,3,06
64.0,2018-03-07,3559.0,3624.0,662.0,2381.0,193.0,1.0,48.0,12.0,110.0,9.0,143.0,Spring term,0,2018_03,7,scattered showers,10,3,07
65.0,2018-03-08,4354.0,4360.0,758.0,2975.0,255.0,1.0,48.0,4.0,149.0,15.0,149.0,Spring term,0,2018_03,8,mostly sunny,10,5,08
66.0,2018-03-09,3556.0,3628.0,701.0,2474.0,54.0,2.0,76.0,4.0,145.0,1.0,99.0,Spring term,0,2018_03,9,scattered showers,11,1,09
67.0,2018-03-10,1374.0,1448.0,211.0,830.0,0.0,1.0,17.0,10.0,139.0,1.0,165.0,Spring term,0,2018_03,10,mostly cloudy,13,7,10
68.0,2018-03-11,1609.0,1620.0,288.0,1020.0,9.0,1.0,8.0,5.0,133.0,4.0,141.0,Spring term,0,2018_03,11,mostly cloudy,14,6,11
69.0,2018-03-12,4585.0,4825.0,693.0,3301.0,44.0,1.0,120.0,5.0,50.0,147.0,224.0,Spring term,0,2018_03,12,scattered showers,11,7,12
70.0,2018-03-13,5539.0,5554.0,746.0,3907.0,310.0,1.0,151.0,10.0,100.0,47.0,267.0,Spring term,0,2018_03,13,partly cloudy,11,5,13
71.0,2018-03-14,3583.0,3752.0,734.0,2336.0,141.0,5.0,107.0,2.0,91.0,16.0,151.0,Spring term,0,2018_03,14,mostly sunny,12,0,14
72.0,2018-03-15,8.0,109.0,0.0,0.0,0.0,1.0,7.0,0.0,0.0,0.0,0.0,Spring term,0,2018_03,15,scattered showers,12,8,15
73.0,2018-03-16,3425.0,3339.0,663.0,2277.0,198.0,0.0,101.0,4.0,19.0,8.0,155.0,Spring term,0,2018_03,16,partly cloudy,12,4,16
74.0,2018-03-17,1146.0,1243.0,170.0,700.0,55.0,2.0,13.0,0.0,30.0,17.0,159.0,Spring term,0,2018_03,17,snow,6,-1,17
75.0,2018-03-18,1856.0,1837.0,287.0,1195.0,78.0,1.0,18.0,4.0,25.0,23.0,225.0,Spring term,0,2018_03,18,mostly cloudy,0,-1,18
76.0,2018-03-19,6153.0,6082.0,999.0,4281.0,411.0,1.0,125.0,8.0,41.0,26.0,261.0,Spring term,0,2018_03,19,mostly cloudy,2,0,19
77.0,2018-03-20,6121.0,6175.0,970.0,4370.0,388.0,3.0,97.0,4.0,37.0,24.0,228.0,Spring term,0,2018_03,20,mostly cloudy,8,1,20
78.0,2018-03-21,4351.0,4470.0,875.0,2913.0,252.0,3.0,71.0,5.0,32.0,26.0,174.0,Spring term,0,2018_03,21,mostly sunny,10,-3,21
79.0,2018-03-22,4590.0,4648.0,835.0,3155.0,314.0,2.0,78.0,5.0,35.0,10.0,156.0,Spring term,0,2018_03,22,mostly cloudy,10,4,22
80.0,2018-03-23,2975.0,3103.0,594.0,1921.0,207.0,1.0,65.0,8.0,22.0,14.0,143.0,Spring term,0,2018_03,23,partly cloudy,12,6,23
81.0,2018-03-24,718.0,819.0,195.0,283.0,50.0,1.0,4.0,1.0,24.0,13.0,147.0,Easter teaching break,0,2018_03,24,mostly cloudy,8,6,24
82.0,2018-03-25,824.0,822.0,174.0,391.0,50.0,1.0,10.0,5.0,31.0,6.0,156.0,Easter teaching break,0,2018_03,25,foggy,11,6,25
83.0,2018-03-26,1774.0,1756.0,449.0,912.0,97.0,2.0,87.0,9.0,18.0,21.0,179.0,Easter teaching break,0,2018_03,26,mostly sunny,12,3,26
84.0,2018-03-27,1757.0,1790.0,421.0,855.0,98.0,1.0,104.0,15.0,11.0,16.0,236.0,Easter teaching break,0,2018_03,27,scattered showers,15,5,27
85.0,2018-03-28,1537.0,1573.0,409.0,754.0,113.0,2.0,54.0,6.0,7.0,6.0,186.0,Easter teaching break,0,2018_03,28,scattered showers,8,4,28
86.0,2018-03-29,1293.0,1338.0,406.0,591.0,70.0,1.0,29.0,15.0,12.0,2.0,167.0,Easter teaching break,0,2018_03,29,mostly cloudy,8,-1,29
87.0,2018-03-30,1.0,42.0,0.0,0.0,0.0,0.0,1.0,0.0,0.0,0.0,0.0,Easter teaching break,0,2018_03,30,scattered showers,7,2,30
88.0,2018-03-31,3.0,2.0,3.0,0.0,0.0,0.0,0.0,0.0,0.0,0.0,0.0,Easter teaching break,0,2018_03,31,mostly cloudy,9,4,31
89.0,2018-04-01,0.0,1.0,0.0,0.0,0.0,0.0,0.0,0.0,0.0,0.0,0.0,Easter teaching break,0,2018_04,1,mostly cloudy,8,4,01
90.0,2018-04-02,1.0,1.0,0.0,0.0,0.0,0.0,1.0,0.0,0.0,0.0,0.0,Easter teaching break,0,2018_04,2,scattered showers,10,5,02
91.0,2018-04-03,2014.0,1959.0,545.0,811.0,87.0,1.0,38.0,19.0,16.0,6.0,491.0,Easter teaching break,0,2018_04,3,mostly cloudy,13,8,03
92.0,2018-04-04,2050.0,2070.0,497.0,897.0,78.0,3.0,63.0,18.0,26.0,10.0,458.0,Easter teaching break,0,2018_04,4,scattered showers,12,7,04
93.0,2018-04-05,2305.0,2337.0,525.0,1053.0,100.0,3.0,59.0,11.0,17.0,10.0,527.0,Easter teaching break,0,2018_04,5,mostly sunny,11,5,05
94.0,2018-04-06,2138.0,2133.0,521.0,988.0,86.0,2.0,63.0,16.0,18.0,16.0,428.0,Easter teaching break,0,2018_04,6,mostly sunny,16,6,06
95.0,2018-04-07,1624.0,1691.0,360.0,839.0,64.0,1.0,13.0,11.0,16.0,29.0,291.0,Easter teaching break,0,2018_04,7,mostly sunny,16,7,07
96.0,2018-04-08,1889.0,1882.0,347.0,1130.0,66.0,0.0,16.0,6.0,21.0,17.0,286.0,Easter teaching break,0,2018_04,8,scattered showers,12,8,08
97.0,2018-04-09,6691.0,6716.0,1006.0,4436.0,405.0,2.0,94.0,26.0,63.0,39.0,620.0,Spring term,0,2018_04,9,scattered showers,11,9,09
98.0,2018-04-10,7416.0,7488.0,1166.0,4896.0,425.0,1.0,91.0,18.0,70.0,35.0,714.0,Spring term,0,2018_04,10,scattered showers,15,8,10
99.0,2018-04-11,6511.0,6630.0,1013.0,4352.0,393.0,0.0,84.0,26.0,59.0,35.0,549.0,Spring term,0,2018_04,11,foggy,12,8,11
100.0,2018-04-12,6844.0,6965.0,1133.0,4558.0,392.0,1.0,79.0,11.0,53.0,28.0,589.0,Spring term,0,2018_04,12,foggy,12,7,12
101.0,2018-04-13,4623.0,5013.0,692.0,3057.0,255.0,1.0,57.0,28.0,42.0,37.0,454.0,Spring term,0,2018_04,13,mostly cloudy,11,5,13
102.0,2018-04-14,2320.0,2388.0,412.0,1342.0,107.0,1.0,8.0,9.0,30.0,50.0,361.0,Spring term,0,2018_04,14,mostly sunny,18,4,14
103.0,2018-04-15,2820.0,2817.0,400.0,1851.0,144.0,0.0,13.0,15.0,26.0,53.0,318.0,Spring term,0,2018_04,15,foggy,14,8,15
104.0,2018-04-16,7658.0,7715.0,1146.0,5433.0,423.0,1.0,71.0,8.0,96.0,30.0,450.0,Spring term,0,2018_04,16,partly cloudy,14,8,16
105.0,2018-04-17,7294.0,7533.0,1189.0,5051.0,480.0,1.0,87.0,16.0,102.0,30.0,338.0,Spring term,0,2018_04,17,mostly sunny,18,9,17
106.0,2018-04-18,5623.0,5777.0,1050.0,3693.0,386.0,1.0,80.0,8.0,67.0,50.0,288.0,Spring term,0,2018_04,18,mostly sunny,23,11,18
107.0,2018-04-19,5935.0,6014.0,1024.0,3956.0,395.0,3.0,101.0,12.0,104.0,68.0,272.0,Spring term,0,2018_04,19,mostly sunny,27,10,19
108.0,2018-04-20,4102.0,4257.0,931.0,2471.0,287.0,2.0,89.0,13.0,63.0,38.0,208.0,Spring term,0,2018_04,20,mostly sunny,26,8,20
109.0,2018-04-21,2324.0,2347.0,446.0,1267.0,141.0,1.0,11.0,14.0,47.0,51.0,346.0,Spring term,0,2018_04,21,mostly sunny,24,10,21
110.0,2018-04-22,3415.0,3394.0,528.0,2111.0,235.0,1.0,13.0,22.0,59.0,57.0,389.0,Spring term,0,2018_04,22,mostly sunny,22,10,22
111.0,2018-04-23,7995.0,7914.0,1172.0,5639.0,533.0,1.0,98.0,17.0,97.0,96.0,342.0,Spring term,0,2018_04,23,mostly sunny,15,7,23
112.0,2018-04-24,7956.0,8114.0,1233.0,5664.0,509.0,3.0,82.0,13.0,73.0,46.0,333.0,Spring term,0,2018_04,24,mostly sunny,16,10,24
113.0,2018-04-25,6881.0,6992.0,1203.0,4709.0,433.0,1.0,76.0,7.0,92.0,34.0,326.0,Spring term,0,2018_04,25,mostly sunny,14,7,25
114.0,2018-04-26,6856.0,6939.0,1184.0,4710.0,448.0,1.0,85.0,11.0,89.0,44.0,284.0,Spring term,0,2018_04,26,mostly sunny,14,6,26
115.0,2018-04-27,5023.0,5150.0,862.0,3398.0,353.0,2.0,64.0,6.0,73.0,21.0,244.0,Spring term,0,2018_04,27,scattered showers,13,7,27
116.0,2018-04-28,3363.0,3444.0,631.0,2000.0,187.0,2.0,22.0,3.0,45.0,43.0,430.0,Spring term,0,2018_04,28,mostly cloudy,10,8,28
117.0,2018-04-29,3558.0,3585.0,548.0,2300.0,189.0,1.0,36.0,11.0,44.0,50.0,379.0,Spring term,0,2018_04,29,mostly cloudy,8,6,29
118.0,2018-04-30,7434.0,7345.0,1071.0,5411.0,464.0,3.0,68.0,9.0,84.0,38.0,286.0,Spring term,0,2018_04,30,scattered showers,9,5,30
119.0,2018-05-01,8729.0,8755.0,1433.0,6161.0,557.0,2.0,104.0,10.0,80.0,69.0,313.0,Spring term,0,2018_05,1,mostly sunny,14,2,01
120.0,2018-05-02,7143.0,7237.0,1231.0,4916.0,479.0,1.0,61.0,10.0,106.0,43.0,296.0,Spring term,0,2018_05,2,scattered showers,14,6,02
121.0,2018-05-03,7717.0,7889.0,1299.0,5393.0,497.0,2.0,98.0,15.0,82.0,38.0,293.0,Spring term,0,2018_05,3,mostly sunny,16,2,03
122.0,2018-05-04,6129.0,6249.0,1235.0,3962.0,444.0,2.0,92.0,10.0,72.0,47.0,265.0,Spring term,0,2018_05,4,mostly sunny,20,6,04
123.0,2018-05-05,3266.0,3391.0,721.0,1894.0,191.0,1.0,21.0,5.0,22.0,64.0,347.0,Spring term,0,2018_05,5,mostly sunny,21,5,05
124.0,2018-05-06,3451.0,3463.0,623.0,2186.0,167.0,1.0,29.0,2.0,55.0,92.0,296.0,Spring term,0,2018_05,6,mostly sunny,24,7,06
125.0,2018-05-07,6330.0,6309.0,1194.0,4206.0,387.0,0.0,23.0,3.0,65.0,108.0,344.0,Spring term,0,2018_05,7,mostly sunny,26,9,07
126.0,2018-05-08,8962.0,8925.0,1580.0,6253.0,522.0,1.0,85.0,6.0,80.0,145.0,290.0,Spring term,0,2018_05,8,mostly sunny,25,9,08
127.0,2018-05-09,8554.0,8545.0,1448.0,5862.0,533.0,1.0,79.0,10.0,115.0,136.0,370.0,Spring term,0,2018_05,9,mostly sunny,19,8,09
128.0,2018-05-10,8981.0,9137.0,1390.0,6341.0,593.0,1.0,80.0,8.0,127.0,94.0,347.0,Spring term,0,2018_05,10,mostly sunny,17,9,10
129.0,2018-05-11,6779.0,7123.0,1304.0,4451.0,480.0,1.0,68.0,6.0,108.0,76.0,285.0,Spring term,0,2018_05,11,mostly sunny,17,4,11
130.0,2018-05-12,4378.0,4495.0,897.0,2640.0,248.0,1.0,45.0,6.0,44.0,102.0,395.0,Spring term,0,2018_05,12,scattered showers,13,10,12
131.0,2018-05-13,5293.0,5308.0,968.0,3454.0,280.0,0.0,41.0,5.0,76.0,95.0,374.0,Spring term,0,2018_05,13,mostly sunny,18,8,13
132.0,2018-05-14,8235.0,8183.0,1434.0,5612.0,469.0,2.0,81.0,20.0,134.0,151.0,332.0,Private study 2,0,2018_05,14,mostly sunny,20,8,14
133.0,2018-05-15,8328.0,8425.0,1492.0,5733.0,521.0,2.0,65.0,10.0,119.0,98.0,288.0,Private study 2,0,2018_05,15,mostly sunny,23,11,15
134.0,2018-05-16,8041.0,8033.0,1456.0,5586.0,453.0,3.0,85.0,11.0,106.0,65.0,276.0,Private study 2,0,2018_05,16,mostly sunny,16,9,16
135.0,2018-05-17,7409.0,7634.0,1409.0,5104.0,471.0,1.0,57.0,5.0,96.0,56.0,210.0,Year-end assessment,0,2018_05,17,mostly sunny,17,7,17
136.0,2018-05-18,5820.0,6011.0,1101.0,3963.0,387.0,2.0,65.0,9.0,45.0,70.0,178.0,Year-end assessment,0,2018_05,18,mostly sunny,18,5,18
137.0,2018-05-19,4360.0,4394.0,729.0,2879.0,273.0,1.0,11.0,15.0,48.0,133.0,271.0,Year-end assessment,0,2018_05,19,mostly sunny,20,5,19
138.0,2018-05-20,5370.0,5346.0,861.0,3510.0,339.0,0.0,17.0,16.0,50.0,182.0,395.0,Year-end assessment,0,2018_05,20,mostly sunny,20,4,20
139.0,2018-05-21,7409.0,7413.0,1340.0,4952.0,498.0,1.0,90.0,10.0,74.0,132.0,312.0,Year-end assessment,0,2018_05,21,mostly sunny,22,7,21
140.0,2018-05-22,7588.0,7655.0,1386.0,5110.0,478.0,2.0,103.0,15.0,88.0,124.0,282.0,Year-end assessment,0,2018_05,22,mostly sunny,24,12,22
141.0,2018-05-23,7320.0,7415.0,1271.0,4979.0,469.0,1.0,65.0,16.0,108.0,88.0,323.0,Year-end assessment,0,2018_05,23,mostly sunny,20,10,23
142.0,2018-05-24,6200.0,6348.0,954.0,4272.0,486.0,1.0,85.0,15.0,60.0,91.0,236.0,Year-end assessment,0,2018_05,24,scattered showers,16,11,24
143.0,2018-05-25,5209.0,5361.0,882.0,3602.0,327.0,2.0,65.0,12.0,59.0,62.0,198.0,Year-end assessment,0,2018_05,25,foggy,19,13,25
144.0,2018-05-26,4130.0,4252.0,796.0,2618.0,245.0,2.0,15.0,7.0,44.0,86.0,317.0,Year-end assessment,0,2018_05,26,foggy,25,14,26
145.0,2018-05-27,4522.0,4445.0,810.0,2904.0,320.0,0.0,10.0,7.0,41.0,106.0,324.0,Year-end assessment,0,2018_05,27,mostly sunny,26,15,27
146.0,2018-05-28,6119.0,6168.0,933.0,4099.0,337.0,0.0,39.0,16.0,72.0,151.0,472.0,Year-end assessment,0,2018_05,28,mostly sunny,25,14,28
147.0,2018-05-29,6145.0,6242.0,1135.0,3984.0,382.0,1.0,86.0,22.0,63.0,78.0,394.0,Year-end assessment,0,2018_05,29,scattered showers,20,14,29
148.0,2018-05-30,5652.0,5720.0,934.0,3644.0,418.0,1.0,83.0,14.0,79.0,92.0,387.0,Year-end assessment,0,2018_05,30,mostly cloudy,20,13,30
149.0,2018-05-31,4868.0,4955.0,553.0,3331.0,366.0,2.0,73.0,14.0,51.0,87.0,391.0,Year-end assessment,0,2018_05,31,foggy,22,14,31
150.0,2018-06-01,3990.0,4653.0,505.0,2666.0,267.0,1.0,76.0,6.0,30.0,53.0,386.0,Year-end assessment,0,2018_06,1,mostly cloudy,19,15,01
151.0,2018-06-02,3207.0,3303.0,388.0,1978.0,190.0,2.0,11.0,4.0,32.0,45.0,557.0,Year-end assessment,0,2018_06,2,foggy,23,15,02
152.0,2018-06-03,3645.0,3604.0,441.0,2288.0,205.0,0.0,27.0,11.0,55.0,81.0,537.0,Year-end assessment,0,2018_06,3,mostly sunny,25,11,03
153.0,2018-06-04,4979.0,4991.0,784.0,3347.0,297.0,2.0,88.0,6.0,50.0,57.0,348.0,Year-end assessment,0,2018_06,4,mostly cloudy,18,13,04
154.0,2018-06-05,4630.0,4686.0,696.0,3197.0,266.0,4.0,70.0,16.0,61.0,41.0,279.0,Year-end assessment,0,2018_06,5,mostly cloudy,18,11,05
155.0,2018-06-06,4487.0,4553.0,635.0,3024.0,287.0,2.0,97.0,12.0,73.0,20.0,337.0,Year-end assessment,0,2018_06,6,mostly sunny,22,9,06
156.0,2018-06-07,3761.0,3814.0,449.0,2658.0,201.0,1.0,79.0,5.0,68.0,21.0,279.0,Year-end assessment,0,2018_06,7,mostly cloudy,20,13,07
157.0,2018-06-08,2748.0,2815.0,372.0,1809.0,131.0,1.0,67.0,6.0,102.0,2.0,258.0,Year-end assessment,0,2018_06,8,mostly cloudy,22,12,08
158.0,2018-06-09,1783.0,2000.0,146.0,1053.0,64.0,1.0,14.0,0.0,62.0,10.0,433.0,Year-end assessment,0,2018_06,9,mostly sunny,21,12,09
159.0,2018-06-10,2722.0,2771.0,199.0,1658.0,105.0,0.0,26.0,7.0,129.0,15.0,583.0,Year-end assessment,0,2018_06,10,mostly sunny,22,14,10
160.0,2018-06-11,3319.0,3353.0,478.0,2259.0,155.0,1.0,44.0,16.0,108.0,9.0,249.0,Year-end assessment,0,2018_06,11,mostly sunny,23,12,11
161.0,2018-06-12,3295.0,3317.0,513.0,2093.0,155.0,1.0,76.0,2.0,98.0,47.0,310.0,Year-end assessment,0,2018_06,12,mostly cloudy,18,11,12
162.0,2018-06-13,3073.0,3121.0,513.0,1839.0,118.0,1.0,86.0,9.0,117.0,5.0,385.0,Year-end assessment,0,2018_06,13,mostly sunny,20,8,13
163.0,2018-06-14,2232.0,2292.0,404.0,1232.0,112.0,1.0,66.0,8.0,118.0,7.0,284.0,Year-end assessment,0,2018_06,14,mostly sunny,23,14,14
164.0,2018-06-15,1102.0,1188.0,299.0,408.0,55.0,4.0,62.0,10.0,109.0,3.0,152.0,Year-end assessment,0,2018_06,15,mostly sunny,22,11,15
165.0,2018-06-16,353.0,394.0,70.0,49.0,10.0,3.0,7.0,2.0,57.0,2.0,153.0,Summer vacation,0,2018_06,16,mostly cloudy,18,13,16
166.0,2018-06-17,353.0,359.0,102.0,34.0,6.0,1.0,14.0,1.0,47.0,0.0,148.0,Summer vacation,0,2018_06,17,mostly cloudy,18,13,17
167.0,2018-06-18,733.0,732.0,312.0,62.0,34.0,1.0,74.0,17.0,69.0,29.0,135.0,Summer vacation,0,2018_06,18,mostly cloudy,24,15,18
168.0,2018-06-19,846.0,838.0,394.0,102.0,24.0,4.0,91.0,3.0,99.0,2.0,127.0,Summer vacation,0,2018_06,19,mostly cloudy,23,16,19
169.0,2018-06-20,828.0,834.0,404.0,95.0,35.0,3.0,109.0,9.0,46.0,8.0,119.0,Summer vacation,0,2018_06,20,mostly cloudy,24,15,20
170.0,2018-06-21,739.0,775.0,390.0,85.0,21.0,3.0,72.0,8.0,5.0,0.0,155.0,Summer vacation,0,2018_06,21,mostly sunny,20,12,21
171.0,2018-06-22,635.0,646.0,338.0,102.0,27.0,4.0,84.0,4.0,23.0,2.0,51.0,Summer vacation,0,2018_06,22,mostly sunny,23,8,22
172.0,2018-06-23,238.0,276.0,106.0,38.0,10.0,3.0,18.0,1.0,8.0,3.0,51.0,Summer vacation,0,2018_06,23,mostly sunny,23,9,23
173.0,2018-06-24,163.0,202.0,67.0,29.0,3.0,3.0,13.0,0.0,3.0,1.0,44.0,Summer vacation,0,2018_06,24,mostly sunny,24,12,24
174.0,2018-06-25,859.0,849.0,413.0,209.0,25.0,7.0,80.0,3.0,16.0,9.0,97.0,Summer vacation,0,2018_06,25,mostly sunny,28,11,25
175.0,2018-06-26,1052.0,1128.0,426.0,356.0,17.0,5.0,108.0,3.0,12.0,5.0,120.0,Summer vacation,0,2018_06,26,mostly sunny,27,12,26
176.0,2018-06-27,1038.0,1052.0,459.0,326.0,22.0,5.0,90.0,7.0,10.0,9.0,110.0,Summer vacation,0,2018_06,27,mostly sunny,25,10,27
177.0,2018-06-28,906.0,951.0,353.0,358.0,14.0,6.0,87.0,7.0,7.0,1.0,73.0,Summer vacation,0,2018_06,28,mostly sunny,27,13,28
178.0,2018-06-29,814.0,867.0,399.0,240.0,17.0,4.0,60.0,7.0,32.0,5.0,50.0,Summer vacation,0,2018_06,29,mostly sunny,27,14,29
179.0,2018-06-30,290.0,323.0,98.0,139.0,4.0,3.0,7.0,4.0,7.0,5.0,23.0,Summer vacation,0,2018_06,30,mostly sunny,27,13,30
180.0,2018-07-01,410.0,483.0,109.0,230.0,12.0,3.0,13.0,1.0,6.0,0.0,36.0,Summer vacation,0,2018_07,1,mostly sunny,29,14,01
181.0,2018-07-02,900.0,891.0,382.0,325.0,25.0,8.0,77.0,5.0,1.0,5.0,72.0,Summer vacation,0,2018_07,2,mostly sunny,28,17,02
182.0,2018-07-03,1025.0,1051.0,411.0,396.0,22.0,6.0,88.0,9.0,22.0,5.0,66.0,Summer vacation,0,2018_07,3,mostly sunny,25,15,03
183.0,2018-07-04,1012.0,1046.0,393.0,388.0,29.0,5.0,77.0,6.0,5.0,0.0,109.0,Summer vacation,0,2018_07,4,mostly sunny,24,14,04
184.0,2018-07-05,985.0,1005.0,407.0,394.0,20.0,5.0,76.0,4.0,14.0,5.0,60.0,Summer vacation,0,2018_07,5,mostly sunny,28,16,05
185.0,2018-07-06,582.0,623.0,290.0,142.0,14.0,5.0,60.0,7.0,2.0,0.0,62.0,Summer vacation,0,2018_07,6,mostly sunny,30,14,06
186.0,2018-07-07,187.0,213.0,80.0,66.0,10.0,3.0,4.0,2.0,1.0,0.0,21.0,Summer vacation,0,2018_07,7,mostly sunny,30,16,07
187.0,2018-07-08,329.0,327.0,98.0,175.0,4.0,3.0,5.0,1.0,4.0,3.0,36.0,Summer vacation,0,2018_07,8,mostly sunny,30,16,08
188.0,2018-07-09,1065.0,1071.0,476.0,356.0,22.0,4.0,82.0,10.0,0.0,14.0,101.0,Summer vacation,0,2018_07,9,mostly sunny,28,14,09
189.0,2018-07-10,1048.0,1064.0,444.0,393.0,29.0,3.0,86.0,0.0,3.0,3.0,87.0,Summer vacation,0,2018_07,10,partly cloudy,22,15,10
190.0,2018-07-11,880.0,1024.0,351.0,301.0,23.0,4.0,99.0,5.0,3.0,4.0,90.0,Summer vacation,0,2018_07,11,mostly cloudy,23,14,11
191.0,2018-07-12,800.0,838.0,325.0,285.0,29.0,3.0,59.0,4.0,3.0,2.0,90.0,Summer vacation,0,2018_07,12,mostly sunny,24,12,12
192.0,2018-07-13,798.0,788.0,415.0,211.0,27.0,1.0,63.0,11.0,2.0,1.0,67.0,Summer vacation,0,2018_07,13,mostly sunny,25,14,13
193.0,2018-07-14,267.0,312.0,106.0,92.0,9.0,2.0,20.0,5.0,5.0,0.0,28.0,Summer vacation,0,2018_07,14,mostly sunny,27,12,14
194.0,2018-07-15,332.0,323.0,101.0,172.0,7.0,3.0,6.0,2.0,0.0,0.0,41.0,Summer vacation,0,2018_07,15,mostly sunny,28,12,15
195.0,2018-07-16,1056.0,1073.0,506.0,330.0,30.0,4.0,74.0,7.0,5.0,7.0,93.0,Summer vacation,0,2018_07,16,mostly sunny,28,13,16
196.0,2018-07-17,1126.0,1165.0,524.0,380.0,20.0,5.0,86.0,4.0,3.0,1.0,103.0,Summer vacation,0,2018_07,17,mostly sunny,23,13,17
197.0,2018-07-18,1178.0,1181.0,519.0,429.0,17.0,6.0,73.0,6.0,1.0,15.0,112.0,Summer vacation,0,2018_07,18,mostly sunny,23,13,18
198.0,2018-07-19,1029.0,1091.0,529.0,300.0,21.0,6.0,68.0,7.0,2.0,4.0,92.0,Summer vacation,0,2018_07,19,mostly sunny,27,11,19
199.0,2018-07-20,852.0,892.0,453.0,218.0,11.0,7.0,78.0,6.0,2.0,6.0,71.0,Summer vacation,0,2018_07,20,mostly sunny,21,17,20
200.0,2018-07-21,363.0,389.0,172.0,128.0,15.0,5.0,4.0,4.0,7.0,0.0,28.0,Summer vacation,0,2018_07,21,mostly sunny,26,14,21
201.0,2018-07-22,481.0,490.0,187.0,223.0,5.0,2.0,2.0,7.0,6.0,6.0,43.0,Summer vacation,0,2018_07,22,mostly sunny,29,14,22
202.0,2018-07-23,1460.0,1458.0,607.0,615.0,27.0,8.0,98.0,3.0,3.0,12.0,87.0,Summer graduation,0,2018_07,23,mostly sunny,29,17,23
203.0,2018-07-24,1309.0,1325.0,578.0,444.0,32.0,9.0,133.0,4.0,3.0,4.0,102.0,Summer graduation,0,2018_07,24,mostly sunny,29,16,24
204.0,2018-07-25,1253.0,1280.0,561.0,398.0,31.0,8.0,134.0,6.0,9.0,6.0,100.0,Summer graduation,0,2018_07,25,mostly sunny,30,15,25
205.0,2018-07-26,1181.0,1234.0,525.0,450.0,25.0,6.0,70.0,15.0,9.0,5.0,76.0,Summer graduation,0,2018_07,26,mostly sunny,33,16,26
206.0,2018-07-27,908.0,938.0,473.0,233.0,37.0,7.0,48.0,9.0,8.0,3.0,90.0,Summer graduation,0,2018_07,27,mostly sunny,31,18,27
207.0,2018-07-28,332.0,361.0,185.0,61.0,9.0,2.0,6.0,8.0,4.0,5.0,52.0,Summer vacation,0,2018_07,28,partly cloudy,21,16,28
208.0,2018-07-29,222.0,226.0,111.0,37.0,11.0,4.0,2.0,3.0,3.0,2.0,49.0,Summer vacation,0,2018_07,29,scattered showers,19,16,29
209.0,2018-07-30,1196.0,1189.0,634.0,350.0,42.0,12.0,42.0,10.0,4.0,9.0,93.0,Summer vacation,0,2018_07,30,mostly cloudy,22,16,30
210.0,2018-07-31,1370.0,1377.0,702.0,374.0,24.0,6.0,102.0,11.0,11.0,11.0,129.0,Summer vacation,0,2018_07,31,partly cloudy,23,15,31
211.0,2018-08-01,1349.0,1574.0,661.0,396.0,38.0,9.0,95.0,10.0,9.0,13.0,118.0,Summer vacation,0,2018_08,1,mostly sunny,25,13,01
212.0,2018-08-02,1261.0,1285.0,586.0,448.0,23.0,5.0,89.0,14.0,5.0,5.0,86.0,Summer vacation,0,2018_08,2,mostly sunny,28,12,02
213.0,2018-08-03,1174.0,1205.0,624.0,305.0,24.0,8.0,64.0,19.0,8.0,14.0,108.0,Summer vacation,0,2018_08,3,mostly sunny,31,16,03
214.0,2018-08-04,267.0,286.0,102.0,128.0,2.0,4.0,2.0,2.0,6.0,0.0,21.0,Summer vacation,0,2018_08,4,mostly sunny,29,18,04
215.0,2018-08-05,524.0,522.0,187.0,259.0,7.0,1.0,4.0,2.0,4.0,9.0,51.0,Summer vacation,0,2018_08,5,mostly sunny,28,15,05
216.0,2018-08-06,1844.0,1880.0,741.0,823.0,23.0,6.0,79.0,4.0,6.0,22.0,140.0,Summer vacation,0,2018_08,6,mostly sunny,30,14,06
217.0,2018-08-07,1816.0,1887.0,716.0,805.0,43.0,8.0,96.0,6.0,10.0,23.0,109.0,Summer vacation,0,2018_08,7,mostly sunny,29,15,07
218.0,2018-08-08,1317.0,1344.0,722.0,332.0,36.0,9.0,70.0,10.0,4.0,21.0,113.0,Summer vacation,0,2018_08,8,mostly sunny,22,14,08
219.0,2018-08-09,1359.0,1365.0,625.0,450.0,37.0,14.0,95.0,8.0,9.0,20.0,101.0,Summer vacation,0,2018_08,9,scattered showers,18,11,09
220.0,2018-08-10,984.0,997.0,603.0,185.0,23.0,5.0,71.0,9.0,1.0,17.0,70.0,Summer vacation,0,2018_08,10,mostly sunny,17,10,10
221.0,2018-08-11,425.0,466.0,269.0,76.0,16.0,3.0,5.0,5.0,3.0,7.0,41.0,Summer vacation,0,2018_08,11,foggy,20,8,11
222.0,2018-08-12,485.0,487.0,254.0,126.0,19.0,6.0,1.0,1.0,1.0,17.0,60.0,Summer vacation,0,2018_08,12,mostly sunny,21,16,12
223.0,2018-08-13,1721.0,1690.0,724.0,679.0,58.0,6.0,108.0,11.0,5.0,32.0,98.0,Summer vacation,0,2018_08,13,mostly sunny,24,15,13
224.0,2018-08-14,1740.0,1746.0,750.0,665.0,77.0,9.0,122.0,9.0,5.0,21.0,82.0,Summer vacation,0,2018_08,14,partly cloudy,25,13,14
225.0,2018-08-15,1538.0,1578.0,706.0,510.0,57.0,4.0,96.0,4.0,10.0,36.0,115.0,Summer vacation,0,2018_08,15,mostly cloudy,22,15,15
226.0,2018-08-16,1372.0,1377.0,671.0,405.0,80.0,9.0,69.0,17.0,16.0,27.0,78.0,Summer vacation,0,2018_08,16,mostly cloudy,19,14,16
227.0,2018-08-17,1140.0,1182.0,675.0,209.0,38.0,5.0,84.0,15.0,6.0,31.0,77.0,Summer vacation,0,2018_08,17,mostly sunny,21,9,17
228.0,2018-08-18,575.0,620.0,353.0,109.0,20.0,4.0,8.0,6.0,2.0,26.0,47.0,Summer vacation,0,2018_08,18,mostly cloudy,21,15,18
229.0,2018-08-19,541.0,541.0,288.0,151.0,24.0,5.0,13.0,2.0,4.0,14.0,40.0,Summer vacation,0,2018_08,19,mostly cloudy,23,17,19
230.0,2018-08-20,1519.0,1487.0,891.0,315.0,60.0,3.0,96.0,9.0,4.0,38.0,103.0,Summer vacation assessment,0,2018_08,20,partly cloudy,24,17,20
231.0,2018-08-21,1318.0,1350.0,703.0,328.0,49.0,5.0,83.0,12.0,0.0,31.0,107.0,Summer vacation assessment,0,2018_08,21,mostly sunny,23,16,21
232.0,2018-08-22,1516.0,1509.0,817.0,385.0,73.0,5.0,83.0,11.0,5.0,37.0,100.0,Summer vacation assessment,0,2018_08,22,foggy,21,15,22
233.0,2018-08-23,1416.0,1465.0,732.0,399.0,63.0,4.0,75.0,9.0,8.0,40.0,86.0,Summer vacation assessment,0,2018_08,23,mostly cloudy,22,15,23
234.0,2018-08-24,1158.0,1184.0,685.0,248.0,69.0,4.0,61.0,8.0,5.0,3.0,75.0,Summer vacation assessment,0,2018_08,24,mostly sunny,18,10,24
235.0,2018-08-25,570.0,606.0,348.0,103.0,25.0,4.0,3.0,3.0,7.0,18.0,59.0,Summer vacation assessment,0,2018_08,25,mostly sunny,19,8,25
236.0,2018-08-26,439.0,423.0,205.0,100.0,35.0,3.0,6.0,1.0,6.0,26.0,57.0,Summer vacation assessment,0,2018_08,26,scattered showers,18,9,26
237.0,2018-08-27,1699.0,1654.0,1009.0,354.0,87.0,2.0,10.0,13.0,12.0,93.0,119.0,Summer vacation assessment,0,2018_08,27,tornado,16,15,27
238.0,2018-08-28,1633.0,1647.0,881.0,427.0,65.0,4.0,79.0,12.0,4.0,49.0,112.0,Summer vacation assessment,0,2018_08,28,mostly sunny,18,13,28
239.0,2018-08-29,1472.0,1556.0,724.0,477.0,52.0,5.0,58.0,16.0,4.0,9.0,127.0,Summer vacation assessment,0,2018_08,29,scattered showers,19,12,29
240.0,2018-08-30,1089.0,1122.0,607.0,263.0,60.0,6.0,61.0,4.0,7.0,6.0,75.0,Summer vacation assessment,0,2018_08,30,mostly sunny,20,11,30
241.0,2018-08-31,888.0,899.0,448.0,215.0,53.0,5.0,68.0,11.0,3.0,23.0,62.0,Summer vacation assessment,0,2018_08,31,mostly sunny,20,9,31
242.0,2018-09-01,447.0,477.0,244.0,105.0,27.0,5.0,9.0,9.0,5.0,11.0,32.0,Summer vacation assessment,0,2018_09,1,mostly sunny,22,9,01
243.0,2018-09-02,572.0,566.0,348.0,124.0,12.0,4.0,4.0,7.0,11.0,6.0,56.0,Summer vacation assessment,0,2018_09,2,mostly sunny,23,8,02
244.0,2018-09-03,1188.0,1165.0,559.0,337.0,66.0,9.0,72.0,7.0,10.0,17.0,111.0,Summer vacation assessment,0,2018_09,3,mostly sunny,23,9,03
245.0,2018-09-04,833.0,914.0,364.0,255.0,42.0,5.0,72.0,4.0,3.0,11.0,77.0,Summer vacation assessment,0,2018_09,4,mostly sunny,20,11,04
246.0,2018-09-05,654.0,659.0,250.0,187.0,21.0,4.0,76.0,3.0,4.0,13.0,96.0,Summer vacation assessment,0,2018_09,5,mostly cloudy,20,14,05
247.0,2018-09-06,731.0,780.0,220.0,217.0,60.0,5.0,88.0,7.0,5.0,2.0,127.0,Summer vacation assessment,0,2018_09,6,mostly sunny,20,12,06
248.0,2018-09-07,522.0,522.0,219.0,90.0,26.0,6.0,81.0,10.0,6.0,1.0,83.0,Summer vacation assessment,0,2018_09,7,mostly sunny,18,8,07
249.0,2018-09-08,105.0,174.0,26.0,22.0,11.0,4.0,11.0,1.0,2.0,3.0,25.0,Summer vacation,0,2018_09,8,mostly sunny,19,9,08
250.0,2018-09-09,134.0,135.0,40.0,30.0,8.0,4.0,8.0,1.0,3.0,4.0,36.0,Summer vacation,0,2018_09,9,mostly sunny,22,14,09
251.0,2018-09-10,607.0,585.0,219.0,166.0,17.0,3.0,98.0,5.0,2.0,0.0,97.0,Summer vacation,0,2018_09,10,mostly sunny,20,13,10
252.0,2018-09-11,579.0,589.0,227.0,128.0,26.0,14.0,72.0,2.0,1.0,4.0,105.0,Summer vacation,0,2018_09,11,mostly cloudy,20,16,11
253.0,2018-09-12,526.0,543.0,215.0,114.0,25.0,5.0,69.0,6.0,2.0,7.0,83.0,Summer vacation,0,2018_09,12,mostly cloudy,18,9,12
254.0,2018-09-13,557.0,582.0,225.0,108.0,18.0,3.0,84.0,12.0,3.0,10.0,94.0,Summer vacation,0,2018_09,13,mostly sunny,20,10,13
255.0,2018-09-14,478.0,517.0,187.0,134.0,15.0,2.0,52.0,9.0,1.0,3.0,75.0,Summer vacation,0,2018_09,14,partly cloudy,18,8,14
256.0,2018-09-15,199.0,175.0,73.0,73.0,1.0,4.0,11.0,3.0,3.0,4.0,27.0,Arrival Weekend,0,2018_09,15,mostly sunny,20,10,15
257.0,2018-09-16,567.0,619.0,76.0,164.0,6.0,3.0,17.0,6.0,18.0,6.0,271.0,Arrival Weekend,0,2018_09,16,mostly sunny,22,11,16
258.0,2018-09-17,1679.0,1717.0,310.0,634.0,41.0,3.0,122.0,5.0,74.0,10.0,480.0,Arrival Weekend,0,2018_09,17,mostly sunny,23,16,17
259.0,2018-09-18,1825.0,1961.0,534.0,737.0,69.0,3.0,79.0,12.0,171.0,13.0,207.0,Autumn term,0,2018_09,18,mostly cloudy,21,17,18
260.0,2018-09-19,2163.0,2248.0,575.0,865.0,65.0,5.0,99.0,10.0,236.0,11.0,297.0,Autumn term,0,2018_09,19,scattered showers,20,17,19
261.0,2018-09-20,2365.0,2492.0,949.0,821.0,66.0,6.0,97.0,9.0,211.0,14.0,192.0,Autumn term,0,2018_09,20,mostly cloudy,20,17,20
262.0,2018-09-21,1822.0,2003.0,762.0,627.0,56.0,4.0,76.0,6.0,142.0,11.0,138.0,Autumn term,0,2018_09,21,mostly sunny,18,10,21
263.0,2018-09-22,596.0,691.0,204.0,264.0,20.0,5.0,13.0,9.0,34.0,1.0,46.0,Autumn term,0,2018_09,22,scattered showers,14,11,22
264.0,2018-09-23,865.0,879.0,246.0,452.0,24.0,2.0,14.0,7.0,61.0,2.0,57.0,Autumn term,0,2018_09,23,scattered showers,14,8,23
265.0,2018-09-24,6278.0,6510.0,1462.0,3831.0,263.0,4.0,118.0,10.0,247.0,27.0,316.0,Autumn term,0,2018_09,24,mostly sunny,15,4,24
266.0,2018-09-25,6024.0,6126.0,1435.0,3790.0,226.0,2.0,96.0,7.0,243.0,10.0,215.0,Autumn term,0,2018_09,25,mostly sunny,16,2,25
267.0,2018-09-26,4112.0,4201.0,1222.0,2277.0,146.0,5.0,99.0,10.0,181.0,3.0,169.0,Autumn term,0,2018_09,26,mostly sunny,21,4,26
268.0,2018-09-27,5514.0,5583.0,1260.0,3552.0,247.0,3.0,77.0,6.0,193.0,16.0,160.0,Autumn term,0,2018_09,27,mostly sunny,22,4,27
269.0,2018-09-28,4625.0,4727.0,1194.0,2801.0,204.0,4.0,53.0,7.0,190.0,13.0,159.0,Autumn term,0,2018_09,28,mostly sunny,17,7,28
270.0,2018-09-29,663.0,901.0,225.0,319.0,21.0,2.0,4.0,4.0,42.0,0.0,46.0,Autumn term,0,2018_09,29,mostly sunny,17,3,29
271.0,2018-09-30,1380.0,1421.0,371.0,739.0,52.0,2.0,4.0,11.0,108.0,5.0,88.0,Autumn term,0,2018_09,30,partly cloudy,15,3,30
272.0,2018-10-01,7070.0,7309.0,1572.0,4592.0,271.0,3.0,81.0,0.0,256.0,2.0,293.0,Autumn term,0,2018_10,1,mostly sunny,15,7,01
273.0,2018-10-02,6303.0,6863.0,1482.0,3940.0,338.0,2.0,103.0,11.0,188.0,13.0,226.0,Autumn term,0,2018_10,2,mostly cloudy,20,10,02
274.0,2018-10-03,4742.0,4968.0,1402.0,2576.0,179.0,0.0,90.0,13.0,292.0,13.0,177.0,Autumn term,0,2018_10,3,mostly sunny,19,11,03
275.0,2018-10-04,6241.0,6343.0,1416.0,3962.0,306.0,1.0,99.0,17.0,233.0,6.0,201.0,Autumn term,0,2018_10,4,foggy,16,7,04
276.0,2018-10-05,4821.0,5019.0,1220.0,2967.0,232.0,1.0,84.0,15.0,106.0,4.0,192.0,Autumn term,0,2018_10,5,foggy,21,8,05
277.0,2018-10-06,830.0,980.0,239.0,462.0,27.0,5.0,8.0,2.0,25.0,1.0,61.0,Autumn term,0,2018_10,6,foggy,12,9,06
278.0,2018-10-07,1541.0,1530.0,335.0,997.0,75.0,0.0,4.0,4.0,46.0,10.0,70.0,Autumn term,0,2018_10,7,mostly sunny,14,5,07
279.0,2018-10-08,7146.0,7326.0,1687.0,4665.0,301.0,4.0,93.0,9.0,117.0,53.0,217.0,Autumn term,0,2018_10,8,mostly sunny,15,5,08
280.0,2018-10-09,6961.0,7260.0,1648.0,4451.0,351.0,1.0,104.0,14.0,110.0,21.0,261.0,Autumn term,0,2018_10,9,mostly sunny,19,7,09
281.0,2018-10-10,5118.0,6246.0,1468.0,3074.0,181.0,2.0,101.0,14.0,106.0,13.0,159.0,Autumn term,0,2018_10,10,mostly sunny,23,8,10
282.0,2018-10-11,6155.0,6340.0,1472.0,3996.0,306.0,2.0,81.0,14.0,112.0,8.0,164.0,Autumn term,0,2018_10,11,partly cloudy,21,14,11
283.0,2018-10-12,4763.0,4978.0,1199.0,3000.0,202.0,2.0,84.0,14.0,109.0,14.0,139.0,Autumn term,0,2018_10,12,mostly sunny,21,14,12
284.0,2018-10-13,1184.0,1295.0,313.0,664.0,33.0,3.0,10.0,1.0,42.0,9.0,109.0,Autumn term,0,2018_10,13,mostly sunny,22,19,13
285.0,2018-10-14,1806.0,1833.0,402.0,1145.0,95.0,2.0,19.0,2.0,43.0,11.0,87.0,Autumn term,0,2018_10,14,scattered showers,19,10,14
286.0,2018-10-15,7348.0,7540.0,1548.0,4946.0,324.0,1.0,100.0,15.0,175.0,24.0,215.0,Autumn term,0,2018_10,15,foggy,16,11,15
287.0,2018-10-16,7567.0,7788.0,1664.0,5057.0,375.0,1.0,87.0,10.0,111.0,11.0,251.0,Autumn term,0,2018_10,16,foggy,20,13,16
288.0,2018-10-17,4653.0,4473.0,1210.0,2867.0,230.0,4.0,83.0,8.0,94.0,10.0,147.0,Autumn term,0,2018_10,17,mostly cloudy,15,8,17
289.0,2018-10-18,6376.0,7003.0,1348.0,4316.0,339.0,1.0,88.0,9.0,103.0,18.0,154.0,Autumn term,0,2018_10,18,partly cloudy,16,8,18
290.0,2018-10-19,4915.0,5082.0,1227.0,3066.0,287.0,3.0,81.0,8.0,113.0,5.0,125.0,Autumn term,0,2018_10,19,mostly sunny,15,5,19
291.0,2018-10-20,1441.0,1596.0,382.0,853.0,61.0,2.0,19.0,13.0,36.0,2.0,73.0,Autumn term,0,2018_10,20,mostly sunny,17,3,20
292.0,2018-10-21,1908.0,1906.0,389.0,1220.0,99.0,0.0,20.0,3.0,62.0,9.0,106.0,Autumn term,0,2018_10,21,foggy,19,6,21
293.0,2018-10-22,7125.0,7211.0,1600.0,4714.0,330.0,4.0,87.0,19.0,81.0,56.0,234.0,Autumn term,0,2018_10,22,mostly sunny,13,4,22
294.0,2018-10-23,7332.0,7594.0,1574.0,4888.0,364.0,6.0,89.0,17.0,113.0,29.0,252.0,Autumn term,0,2018_10,23,mostly sunny,16,4,23
295.0,2018-10-24,5901.0,6076.0,1415.0,3693.0,297.0,4.0,98.0,7.0,126.0,19.0,242.0,Autumn term,0,2018_10,24,mostly sunny,18,7,24
296.0,2018-10-25,6588.0,6675.0,1462.0,4349.0,367.0,4.0,75.0,9.0,98.0,19.0,205.0,Autumn term,0,2018_10,25,mostly cloudy,13,3,25
297.0,2018-10-26,4308.0,4495.0,1067.0,2721.0,227.0,5.0,72.0,5.0,72.0,8.0,131.0,Autumn term,0,2018_10,26,cloudy,11,5,26
298.0,2018-10-27,1343.0,1436.0,389.0,728.0,53.0,4.0,13.0,6.0,50.0,6.0,94.0,Autumn term,0,2018_10,27,mostly sunny,8,2,27
299.0,2018-10-28,1739.0,1747.0,438.0,1043.0,89.0,1.0,15.0,1.0,40.0,21.0,91.0,Autumn term,0,2018_10,28,scattered showers,10,4,28
300.0,2018-10-29,6449.0,6436.0,1360.0,4298.0,331.0,3.0,88.0,9.0,104.0,45.0,211.0,Autumn term,0,2018_10,29,mostly sunny,9,2,29
301.0,2018-10-30,6619.0,6657.0,1472.0,4361.0,366.0,4.0,79.0,11.0,96.0,17.0,213.0,Autumn term,0,2018_10,30,mostly cloudy,9,4,30
302.0,2018-10-31,4622.0,4738.0,1127.0,2919.0,223.0,3.0,83.0,14.0,84.0,18.0,151.0,Autumn term,0,2018_10,31,mostly sunny,12,-1,31
303.0,2018-11-01,4651.0,4665.0,1216.0,2916.0,230.0,1.0,62.0,14.0,66.0,39.0,107.0,Autumn term,0,2018_11,1,scattered showers,12,3,01
304.0,2018-11-02,4994.0,5091.0,1174.0,3144.0,303.0,5.0,92.0,8.0,107.0,13.0,148.0,Autumn term,0,2018_11,2,mostly sunny,11,0,02
305.0,2018-11-03,2219.0,2308.0,501.0,1365.0,123.0,4.0,22.0,8.0,75.0,11.0,110.0,Autumn term,0,2018_11,3,mostly sunny,13,0,03
306.0,2018-11-04,2877.0,2876.0,599.0,1838.0,169.0,0.0,26.0,6.0,78.0,37.0,124.0,Autumn term,0,2018_11,4,mostly sunny,13,6,04
307.0,2018-11-05,7492.0,7653.0,1382.0,5179.0,427.0,0.0,102.0,12.0,98.0,55.0,237.0,Autumn term,0,2018_11,5,foggy,15,6,05
308.0,2018-11-06,8181.0,8783.0,1310.0,5787.0,520.0,2.0,126.0,11.0,161.0,27.0,237.0,Autumn term,0,2018_11,6,foggy,15,6,06
309.0,2018-11-07,7003.0,7233.0,1327.0,4782.0,397.0,5.0,83.0,7.0,143.0,43.0,216.0,Autumn term,0,2018_11,7,scattered showers,14,9,07
310.0,2018-11-08,7931.0,8342.0,1329.0,5632.0,421.0,2.0,95.0,7.0,111.0,24.0,310.0,Autumn term,0,2018_11,8,mostly sunny,13,2,08
311.0,2018-11-09,5881.0,6117.0,1249.0,3909.0,345.0,3.0,86.0,11.0,107.0,22.0,149.0,Autumn term,0,2018_11,9,foggy,13,5,09
312.0,2018-11-10,2405.0,2527.0,492.0,1575.0,118.0,3.0,10.0,6.0,80.0,11.0,110.0,Autumn term,0,2018_11,10,rain,14,9,10
313.0,2018-11-11,2901.0,2863.0,563.0,1950.0,177.0,1.0,4.0,7.0,90.0,24.0,85.0,Autumn term,0,2018_11,11,scattered showers,13,9,11
314.0,2018-11-12,8525.0,8556.0,1639.0,5828.0,500.0,6.0,98.0,3.0,95.0,44.0,312.0,Autumn term,0,2018_11,12,partly cloudy,14,10,12
315.0,2018-11-13,7083.0,7725.0,1334.0,4869.0,371.0,5.0,73.0,15.0,120.0,30.0,266.0,Autumn term,0,2018_11,13,mostly sunny,13,8,13
316.0,2018-11-14,7077.0,7147.0,1485.0,4759.0,347.0,3.0,72.0,6.0,202.0,41.0,162.0,Autumn term,0,2018_11,14,mostly sunny,14,7,14
317.0,2018-11-15,6993.0,7187.0,1389.0,4779.0,389.0,2.0,63.0,4.0,132.0,32.0,203.0,Autumn term,0,2018_11,15,foggy,14,11,15
318.0,2018-11-16,5046.0,5187.0,1184.0,3151.0,345.0,3.0,75.0,3.0,131.0,16.0,138.0,Autumn term,0,2018_11,16,foggy,11,8,16
319.0,2018-11-17,2185.0,2298.0,540.0,1267.0,150.0,1.0,12.0,5.0,117.0,17.0,76.0,Autumn term,0,2018_11,17,foggy,11,4,17
320.0,2018-11-18,2493.0,2506.0,561.0,1487.0,155.0,2.0,15.0,6.0,146.0,14.0,107.0,Autumn term,0,2018_11,18,mostly sunny,11,3,18
321.0,2018-11-19,8143.0,8120.0,1531.0,5559.0,467.0,4.0,94.0,0.0,200.0,42.0,246.0,Autumn term,0,2018_11,19,scattered showers,8,4,19
322.0,2018-11-20,8322.0,8681.0,1586.0,5747.0,489.0,2.0,88.0,3.0,156.0,27.0,224.0,Autumn term,0,2018_11,20,scattered showers,5,2,20
323.0,2018-11-21,6510.0,6632.0,1386.0,4232.0,366.0,8.0,111.0,15.0,192.0,31.0,169.0,Autumn term,0,2018_11,21,partly cloudy,7,0,21
324.0,2018-11-22,6927.0,6968.0,1415.0,4608.0,403.0,2.0,91.0,6.0,154.0,28.0,220.0,Autumn term,0,2018_11,22,foggy,5,-4,22
325.0,2018-11-23,4402.0,4417.0,968.0,2741.0,247.0,4.0,93.0,5.0,179.0,15.0,150.0,Autumn term,0,2018_11,23,foggy,9,4,23
326.0,2018-11-24,1915.0,2160.0,501.0,1011.0,95.0,1.0,26.0,9.0,186.0,12.0,74.0,Autumn term,0,2018_11,24,foggy,9,7,24
327.0,2018-11-25,2738.0,2725.0,591.0,1614.0,177.0,0.0,27.0,0.0,208.0,22.0,99.0,Autumn term,0,2018_11,25,mostly cloudy,8,6,25
328.0,2018-11-26,8223.0,8159.0,1572.0,5553.0,466.0,6.0,108.0,4.0,196.0,74.0,244.0,Autumn term,0,2018_11,26,mostly cloudy,8,4,26
329.0,2018-11-27,7721.0,7908.0,1500.0,5230.0,449.0,4.0,104.0,3.0,169.0,17.0,245.0,Autumn term,0,2018_11,27,foggy,11,2,27
330.0,2018-11-28,6209.0,6386.0,1427.0,3959.0,347.0,4.0,102.0,12.0,127.0,40.0,191.0,Autumn term,0,2018_11,28,scattered showers,13,9,28
331.0,2018-11-29,6800.0,6932.0,1371.0,4670.0,368.0,0.0,88.0,6.0,96.0,30.0,171.0,Autumn term,0,2018_11,29,scattered showers,14,10,29
332.0,2018-11-30,4993.0,5067.0,1274.0,3139.0,291.0,6.0,74.0,0.0,52.0,16.0,141.0,Autumn term,0,2018_11,30,mostly sunny,12,7,30
333.0,2018-12-01,1792.0,1900.0,534.0,1033.0,81.0,1.0,22.0,5.0,20.0,15.0,81.0,Autumn term,0,2018_12,1,scattered showers,13,7,01
334.0,2018-12-02,2593.0,2559.0,771.0,1539.0,127.0,0.0,17.0,2.0,24.0,15.0,98.0,Autumn term,0,2018_12,2,mostly cloudy,14,12,02
335.0,2018-12-03,7653.0,7703.0,1689.0,5125.0,426.0,5.0,98.0,4.0,75.0,24.0,207.0,Autumn term,0,2018_12,3,mostly cloudy,14,7,03
336.0,2018-12-04,8184.0,8297.0,1629.0,5643.0,417.0,4.0,102.0,10.0,95.0,35.0,249.0,Autumn term,0,2018_12,4,mostly sunny,9,1,04
337.0,2018-12-05,6952.0,7064.0,1459.0,4735.0,356.0,5.0,92.0,15.0,58.0,39.0,193.0,Autumn term,0,2018_12,5,scattered showers,13,6,05
338.0,2018-12-06,7089.0,7203.0,1529.0,4822.0,361.0,3.0,90.0,7.0,73.0,36.0,168.0,Autumn term,0,2018_12,6,scattered showers,13,11,06
339.0,2018-12-07,5229.0,5330.0,1413.0,3235.0,234.0,1.0,108.0,7.0,62.0,11.0,158.0,Autumn term,0,2018_12,7,scattered showers,13,7,07
340.0,2018-12-08,2612.0,2695.0,714.0,1650.0,115.0,1.0,6.0,5.0,20.0,15.0,86.0,Autumn term,0,2018_12,8,scattered showers,12,7,08
341.0,2018-12-09,3437.0,3414.0,807.0,2294.0,168.0,0.0,11.0,6.0,30.0,12.0,109.0,Autumn term,0,2018_12,9,mostly cloudy,11,6,09
342.0,2018-12-10,8191.0,8188.0,1644.0,5646.0,467.0,4.0,87.0,10.0,54.0,43.0,236.0,Autumn term,0,2018_12,10,partly cloudy,9,5,10
343.0,2018-12-11,7991.0,8047.0,1477.0,5573.0,509.0,3.0,114.0,16.0,65.0,26.0,208.0,Autumn term,0,2018_12,11,foggy,9,0,11
344.0,2018-12-12,6058.0,6177.0,1264.0,4036.0,339.0,4.0,110.0,4.0,68.0,24.0,209.0,Autumn term,0,2018_12,12,foggy,8,-2,12
345.0,2018-12-13,4960.0,5162.0,1191.0,3183.0,314.0,5.0,79.0,18.0,50.0,12.0,108.0,Autumn term,0,2018_12,13,mostly sunny,5,-2,13
346.0,2018-12-14,2422.0,2545.0,758.0,1251.0,211.0,2.0,78.0,10.0,24.0,16.0,72.0,Autumn term,0,2018_12,14,mostly sunny,3,-4,14
347.0,2018-12-15,709.0,1062.0,258.0,289.0,43.0,1.0,19.0,8.0,7.0,33.0,51.0,Christmas vacation 2,0,2018_12,15,scattered showers,9,1,15
348.0,2018-12-16,788.0,783.0,272.0,296.0,91.0,1.0,26.0,4.0,7.0,32.0,59.0,Christmas vacation 2,0,2018_12,16,mostly sunny,9,2,16
349.0,2018-12-17,1766.0,1736.0,646.0,729.0,135.0,2.0,62.0,18.0,15.0,29.0,130.0,Christmas vacation 2,0,2018_12,17,mostly sunny,11,4,17
350.0,2018-12-18,1531.0,1558.0,642.0,462.0,113.0,4.0,77.0,31.0,10.0,37.0,155.0,Christmas vacation 2,0,2018_12,18,scattered showers,11,8,18
351.0,2018-12-19,1247.0,1271.0,583.0,365.0,89.0,2.0,63.0,6.0,9.0,28.0,102.0,Christmas vacation 2,0,2018_12,19,scattered showers,9,6,19
352.0,2018-12-20,1196.0,1227.0,514.0,368.0,76.0,3.0,47.0,13.0,12.0,36.0,127.0,Christmas vacation 2,0,2018_12,20,mostly sunny,10,6,20
353.0,2018-12-21,931.0,959.0,386.0,244.0,36.0,3.0,61.0,15.0,5.0,44.0,137.0,Christmas vacation 2,0,2018_12,21,scattered showers,13,10,21
354.0,2018-12-22,514.0,532.0,264.0,104.0,28.0,5.0,6.0,1.0,0.0,12.0,94.0,Christmas vacation 2,0,2018_12,22,mostly sunny,11,6,22
355.0,2018-12-23,240.0,264.0,118.0,53.0,3.0,2.0,7.0,1.0,5.0,11.0,40.0,Christmas vacation 2,0,2018_12,23,scattered showers,14,6,23
356.0,2018-12-24,0.0,5.0,0.0,0.0,0.0,0.0,0.0,0.0,0.0,0.0,0.0,Christmas vacation 2,0,2018_12,24,mostly sunny,8,-1,24
357.0,2018-12-27,740.0,727.0,290.0,179.0,26.0,1.0,10.0,14.0,8.0,21.0,191.0,Christmas vacation 2,0,2018_12,27,foggy,8,0,27
358.0,2018-12-28,875.0,882.0,301.0,255.0,56.0,1.0,11.0,10.0,7.0,41.0,193.0,Christmas vacation 2,0,2018_12,28,foggy,10,2,28
359.0,2018-12-29,822.0,834.0,305.0,192.0,60.0,0.0,22.0,9.0,12.0,29.0,193.0,Christmas vacation 2,0,2018_12,29,cloudy,12,7,29
360.0,2018-12-30,3.0,13.0,0.0,1.0,0.0,1.0,1.0,0.0,0.0,0.0,0.0,Christmas vacation 2,0,2018_12,30,foggy,10,5,30
361.0,2018-12-31,0.0,1.0,0.0,0.0,0.0,0.0,0.0,0.0,0.0,0.0,0.0,Christmas vacation 2,0,2018_12,31,cloudy,10,8,31
362.0,2019-01-01,1.0,0.0,0.0,0.0,0.0,1.0,0.0,0.0,0.0,0.0,0.0,Christmas vacation 1,0,2019_01,1,mostly cloudy,11,5,01
363.0,2019-01-02,2363.0,2327.0,778.0,921.0,144.0,5.0,30.0,20.0,15.0,85.0,365.0,Christmas vacation 1,0,2019_01,2,mostly cloudy,6,3,02
364.0,2019-01-03,2925.0,3063.0,886.0,1311.0,195.0,5.0,62.0,9.0,21.0,53.0,383.0,Christmas vacation 1,0,2019_01,3,mostly cloudy,5,0,03
365.0,2019-01-04,2818.0,2876.0,704.0,1372.0,182.0,10.0,56.0,8.0,33.0,99.0,354.0,Christmas vacation 1,0,2019_01,4,mostly sunny,4,-1,04
366.0,2019-01-05,2808.0,2868.0,694.0,1359.0,174.0,1.0,9.0,15.0,38.0,258.0,260.0,Christmas vacation 1,0,2019_01,5,mostly cloudy,5,2,05
367.0,2019-01-06,3163.0,3205.0,689.0,1624.0,226.0,1.0,9.0,9.0,39.0,308.0,258.0,Christmas vacation 1,0,2019_01,6,mostly cloudy,9,4,06
368.0,2019-01-07,4912.0,4920.0,1025.0,3011.0,355.0,4.0,100.0,9.0,59.0,85.0,264.0,Private study 1,0,2019_01,7,mostly cloudy,11,3,07
369.0,2019-01-08,5981.0,5950.0,1353.0,3706.0,386.0,5.0,89.0,18.0,66.0,64.0,294.0,Private study 1,0,2019_01,8,mostly sunny,9,3,08
370.0,2019-01-09,6420.0,6467.0,1270.0,4249.0,417.0,8.0,65.0,12.0,87.0,61.0,251.0,Private study 1,0,2019_01,9,partly cloudy,5,2,09
371.0,2019-01-10,5895.0,6032.0,1212.0,3913.0,343.0,6.0,66.0,20.0,81.0,45.0,209.0,Mid-year assessment,0,2019_01,10,mostly sunny,6,0,10
372.0,2019-01-11,5097.0,5142.0,903.0,3503.0,322.0,1.0,61.0,12.0,93.0,47.0,155.0,Mid-year assessment,0,2019_01,11,mostly sunny,8,4,11
373.0,2019-01-12,4219.0,4370.0,754.0,2952.0,300.0,1.0,16.0,4.0,36.0,35.0,121.0,Mid-year assessment,0,2019_01,12,mostly cloudy,10,6,12
374.0,2019-01-13,5481.0,5706.0,865.0,3921.0,395.0,1.0,6.0,5.0,50.0,48.0,190.0,Mid-year assessment,0,2019_01,13,mostly sunny,12,8,13
375.0,2019-01-14,7095.0,7431.0,1046.0,5130.0,460.0,7.0,84.0,6.0,105.0,49.0,208.0,Mid-year assessment,0,2019_01,14,mostly cloudy,9,4,14
376.0,2019-01-15,6426.0,6665.0,898.0,4649.0,404.0,4.0,83.0,6.0,76.0,52.0,254.0,Mid-year assessment,0,2019_01,15,mostly cloudy,9,2,15
377.0,2019-01-16,5822.0,6223.0,873.0,4143.0,386.0,5.0,73.0,5.0,72.0,45.0,220.0,Mid-year assessment,0,2019_01,16,scattered showers,9,3,16
378.0,2019-01-17,5493.0,5597.0,872.0,3843.0,389.0,5.0,81.0,8.0,87.0,34.0,174.0,Mid-year assessment,0,2019_01,17,mostly sunny,5,0,17
379.0,2019-01-18,5052.0,5131.0,769.0,3633.0,332.0,4.0,70.0,11.0,90.0,34.0,109.0,Mid-year assessment,0,2019_01,18,mostly sunny,7,-3,18
380.0,2019-01-19,3682.0,3789.0,554.0,2652.0,259.0,1.0,13.0,7.0,46.0,32.0,118.0,Mid-year assessment,0,2019_01,19,mostly cloudy,5,2,19
381.0,2019-01-20,4137.0,4169.0,575.0,2984.0,291.0,1.0,3.0,2.0,80.0,48.0,153.0,Mid-year assessment,0,2019_01,20,mostly sunny,5,-1,20
382.0,2019-01-21,4519.0,4543.0,505.0,3313.0,286.0,4.0,91.0,11.0,98.0,41.0,170.0,Mid-year assessment,0,2019_01,21,foggy,5,-5,21
383.0,2019-01-22,3584.0,3484.0,472.0,2650.0,212.0,5.0,75.0,5.0,51.0,12.0,102.0,Mid-year assessment,0,2019_01,22,mostly sunny,6,1,22
384.0,2019-01-23,2973.0,3173.0,472.0,2017.0,164.0,6.0,87.0,16.0,58.0,26.0,127.0,Winter graduation,0,2019_01,23,mostly cloudy,3,0,23
385.0,2019-01-24,2023.0,2100.0,381.0,1280.0,124.0,3.0,76.0,7.0,40.0,21.0,91.0,Winter graduation,0,2019_01,24,foggy,4,-4,24
386.0,2019-01-25,1158.0,1210.0,305.0,553.0,70.0,1.0,56.0,6.0,44.0,2.0,121.0,Winter graduation,0,2019_01,25,foggy,11,-1,25
387.0,2019-01-26,424.0,478.0,135.0,137.0,28.0,1.0,14.0,11.0,30.0,12.0,56.0,Inter-session week,0,2019_01,26,mostly cloudy,10,6,26
388.0,2019-01-27,503.0,507.0,100.0,202.0,27.0,1.0,11.0,2.0,34.0,25.0,101.0,Inter-session week,0,2019_01,27,mostly cloudy,8,3,27
389.0,2019-01-28,1220.0,1163.0,388.0,459.0,81.0,7.0,90.0,19.0,36.0,40.0,100.0,Inter-session week,0,2019_01,28,mostly sunny,6,-2,28
390.0,2019-01-29,1087.0,1100.0,328.0,443.0,75.0,6.0,87.0,4.0,20.0,7.0,117.0,Inter-session week,0,2019_01,29,mostly sunny,6,-3,29
391.0,2019-01-30,1141.0,1155.0,375.0,402.0,86.0,3.0,94.0,10.0,64.0,8.0,99.0,Inter-session week,0,2019_01,30,mostly sunny,4,-3,30
392.0,2019-01-31,1101.0,1139.0,322.0,452.0,79.0,3.0,75.0,6.0,50.0,12.0,102.0,Inter-session week,0,2019_01,31,foggy,4,-7,31
393.0,2019-02-01,857.0,886.0,264.0,373.0,54.0,3.0,58.0,1.0,39.0,1.0,64.0,Inter-session week,0,2019_02,1,scattered showers,3,0,01
394.0,2019-02-02,530.0,540.0,146.0,204.0,41.0,1.0,13.0,6.0,31.0,11.0,77.0,Inter-session week,0,2019_02,2,partly cloudy,4,1,02
395.0,2019-02-03,628.0,648.0,147.0,289.0,35.0,1.0,22.0,6.0,28.0,10.0,90.0,Inter-session week,0,2019_02,3,mostly sunny,6,-3,03
396.0,2019-02-04,3940.0,3917.0,690.0,2674.0,271.0,3.0,75.0,6.0,67.0,27.0,127.0,Spring term,0,2019_02,4,scattered showers,8,6,04
397.0,2019-02-05,4638.0,4791.0,903.0,3045.0,328.0,7.0,82.0,7.0,89.0,25.0,152.0,Spring term,0,2019_02,5,foggy,8,5,05
398.0,2019-02-06,3100.0,3104.0,842.0,1775.0,185.0,4.0,106.0,7.0,68.0,12.0,101.0,Spring term,0,2019_02,6,scattered showers,11,8,06
399.0,2019-02-07,4275.0,4304.0,841.0,2843.0,289.0,4.0,102.0,4.0,54.0,7.0,131.0,Spring term,0,2019_02,7,mostly sunny,10,6,07
400.0,2019-02-08,3118.0,3162.0,815.0,1870.0,160.0,4.0,86.0,2.0,54.0,21.0,106.0,Spring term,0,2019_02,8,scattered showers,10,8,08
401.0,2019-02-09,813.0,891.0,199.0,414.0,51.0,1.0,26.0,8.0,17.0,18.0,79.0,Spring term,0,2019_02,9,mostly sunny,10,6,09
402.0,2019-02-10,1005.0,1022.0,237.0,588.0,49.0,0.0,10.0,8.0,22.0,19.0,72.0,Spring term,0,2019_02,10,scattered showers,7,4,10
403.0,2019-02-11,5429.0,5831.0,1050.0,3643.0,340.0,3.0,89.0,10.0,76.0,41.0,177.0,Spring term,0,2019_02,11,mostly cloudy,9,2,11
404.0,2019-02-12,6176.0,6144.0,1214.0,4136.0,409.0,4.0,96.0,6.0,73.0,12.0,226.0,Spring term,0,2019_02,12,partly cloudy,11,-1,12
405.0,2019-02-13,3997.0,4216.0,943.0,2443.0,255.0,6.0,94.0,7.0,99.0,24.0,126.0,Spring term,0,2019_02,13,foggy,11,3,13
406.0,2019-02-14,4117.0,4168.0,898.0,2668.0,271.0,4.0,81.0,4.0,55.0,16.0,120.0,Spring term,0,2019_02,14,foggy,12,-3,14
407.0,2019-02-15,3263.0,3335.0,827.0,1994.0,163.0,3.0,91.0,2.0,71.0,9.0,103.0,Spring term,0,2019_02,15,foggy,14,-2,15
408.0,2019-02-16,1078.0,1127.0,235.0,586.0,38.0,1.0,33.0,9.0,49.0,8.0,119.0,Spring term,0,2019_02,16,foggy,11,0,16
409.0,2019-02-17,1420.0,1366.0,306.0,867.0,66.0,2.0,29.0,0.0,30.0,8.0,112.0,Spring term,0,2019_02,17,foggy,13,1,17
410.0,2019-02-18,6002.0,5820.0,1183.0,3958.0,394.0,2.0,90.0,6.0,132.0,39.0,198.0,Spring term,0,2019_02,18,scattered showers,10,4,18
411.0,2019-02-19,5959.0,5893.0,1137.0,3934.0,397.0,6.0,119.0,7.0,89.0,33.0,237.0,Spring term,0,2019_02,19,mostly sunny,11,3,19
412.0,2019-02-20,4599.0,4558.0,1131.0,2706.0,278.0,7.0,113.0,4.0,134.0,37.0,189.0,Spring term,0,2019_02,20,mostly sunny,12,6,20
413.0,2019-02-21,4964.0,5037.0,1002.0,3305.0,289.0,5.0,76.0,5.0,69.0,26.0,187.0,Spring term,0,2019_02,21,mostly cloudy,13,8,21
414.0,2019-02-22,3533.0,3617.0,700.0,2216.0,200.0,4.0,83.0,10.0,118.0,20.0,182.0,Spring term,0,2019_02,22,foggy,14,5,22
415.0,2019-02-23,1100.0,1118.0,262.0,584.0,50.0,1.0,12.0,6.0,55.0,9.0,121.0,Spring term,0,2019_02,23,foggy,16,4,23
416.0,2019-02-24,1397.0,1445.0,290.0,781.0,74.0,0.0,34.0,5.0,58.0,23.0,132.0,Spring term,0,2019_02,24,mostly sunny,17,1,24
417.0,2019-02-25,5604.0,5536.0,1088.0,3779.0,360.0,3.0,102.0,6.0,94.0,20.0,152.0,Spring term,0,2019_02,25,mostly sunny,19,-1,25
418.0,2019-02-26,5696.0,5895.0,1267.0,3645.0,376.0,6.0,69.0,11.0,99.0,37.0,186.0,Spring term,0,2019_02,26,mostly sunny,19,0,26
419.0,2019-02-27,4343.0,4471.0,1002.0,2721.0,236.0,5.0,94.0,13.0,107.0,30.0,135.0,Spring term,0,2019_02,27,mostly sunny,18,0,27
420.0,2019-02-28,5108.0,5146.0,900.0,3485.0,341.0,4.0,91.0,8.0,92.0,36.0,151.0,Spring term,0,2019_02,28,foggy,12,1,28
421.0,2019-03-01,3845.0,3984.0,817.0,2426.0,268.0,3.0,72.0,7.0,144.0,16.0,92.0,Spring term,0,2019_03,1,mostly cloudy,11,8,01
422.0,2019-03-02,1356.0,1419.0,258.0,825.0,53.0,1.0,21.0,6.0,93.0,7.0,92.0,Spring term,0,2019_03,2,scattered showers,13,8,02
423.0,2019-03-03,1763.0,1758.0,325.0,1112.0,87.0,0.0,26.0,2.0,89.0,15.0,107.0,Spring term,0,2019_03,3,scattered showers,12,9,03
424.0,2019-03-04,7080.0,7067.0,1343.0,4743.0,449.0,3.0,95.0,12.0,151.0,25.0,259.0,Spring term,0,2019_03,4,mostly sunny,10,4,04
425.0,2019-03-05,6723.0,6902.0,1299.0,4604.0,384.0,2.0,99.0,8.0,79.0,26.0,222.0,Spring term,0,2019_03,5,mostly sunny,11,3,05
426.0,2019-03-06,5271.0,5384.0,1047.0,3464.0,289.0,5.0,99.0,4.0,140.0,35.0,188.0,Spring term,0,2019_03,6,scattered showers,12,9,06
427.0,2019-03-07,5788.0,5831.0,1063.0,3969.0,336.0,4.0,81.0,1.0,167.0,11.0,156.0,Spring term,0,2019_03,7,scattered showers,11,5,07
428.0,2019-03-08,4352.0,4518.0,902.0,2740.0,280.0,6.0,82.0,6.0,174.0,17.0,145.0,Spring term,0,2019_03,8,mostly sunny,10,3,08
429.0,2019-03-09,1982.0,1948.0,404.0,992.0,78.0,2.0,34.0,4.0,111.0,37.0,320.0,Spring term,0,2019_03,9,mostly sunny,14,7,09
430.0,2019-03-10,2157.0,2250.0,401.0,1229.0,156.0,0.0,31.0,6.0,181.0,28.0,125.0,Spring term,0,2019_03,10,partly cloudy,11,4,10
431.0,2019-03-11,7066.0,7019.0,1225.0,4786.0,456.0,8.0,105.0,7.0,197.0,33.0,249.0,Spring term,0,2019_03,11,mostly sunny,11,3,11
432.0,2019-03-12,6563.0,6725.0,1194.0,4399.0,423.0,3.0,87.0,8.0,197.0,32.0,220.0,Spring term,0,2019_03,12,scattered showers,9,4,12
433.0,2019-03-13,5828.0,5896.0,989.0,4014.0,356.0,5.0,97.0,4.0,110.0,25.0,228.0,Spring term,0,2019_03,13,partly cloudy,11,5,13
434.0,2019-03-14,6028.0,6135.0,1036.0,4245.0,390.0,4.0,85.0,5.0,48.0,16.0,199.0,Spring term,0,2019_03,14,scattered showers,15,7,14
435.0,2019-03-15,4150.0,4244.0,910.0,2683.0,262.0,4.0,70.0,7.0,48.0,27.0,139.0,Spring term,0,2019_03,15,scattered showers,14,9,15
436.0,2019-03-16,2036.0,2122.0,522.0,1188.0,85.0,1.0,11.0,8.0,34.0,25.0,162.0,Spring term,0,2019_03,16,scattered showers,11,8,16
437.0,2019-03-17,2518.0,2497.0,528.0,1581.0,146.0,0.0,28.0,1.0,23.0,14.0,197.0,Spring term,0,2019_03,17,partly cloudy,10,4,17
438.0,2019-03-18,6839.0,6816.0,1234.0,4791.0,384.0,1.0,69.0,6.0,78.0,28.0,248.0,Spring term,0,2019_03,18,mostly sunny,11,3,18
439.0,2019-03-19,7345.0,7533.0,1246.0,5143.0,442.0,2.0,95.0,6.0,55.0,48.0,308.0,Spring term,0,2019_03,19,mostly cloudy,12,3,19
440.0,2019-03-20,5861.0,5941.0,1138.0,3905.0,376.0,2.0,134.0,11.0,62.0,25.0,208.0,Spring term,0,2019_03,20,mostly cloudy,12,9,20
441.0,2019-03-21,6116.0,6192.0,1179.0,4094.0,405.0,4.0,99.0,11.0,51.0,29.0,244.0,Spring term,0,2019_03,21,mostly cloudy,13,9,21
442.0,2019-03-22,4470.0,4564.0,946.0,2861.0,295.0,3.0,125.0,11.0,44.0,11.0,174.0,Spring term,0,2019_03,22,mostly cloudy,10,8,22
443.0,2019-03-23,2190.0,2277.0,452.0,1241.0,127.0,1.0,33.0,12.0,40.0,12.0,272.0,Spring term,0,2019_03,23,mostly cloudy,12,5,23
444.0,2019-03-24,2666.0,2696.0,427.0,1768.0,157.0,0.0,17.0,8.0,37.0,17.0,235.0,Spring term,0,2019_03,24,mostly sunny,14,1,24
445.0,2019-03-25,7046.0,6960.0,1109.0,4963.0,466.0,3.0,119.0,12.0,58.0,33.0,283.0,Spring term,0,2019_03,25,mostly sunny,13,4,25
446.0,2019-03-26,7452.0,7537.0,1301.0,5140.0,481.0,4.0,104.0,6.0,66.0,45.0,305.0,Spring term,0,2019_03,26,mostly sunny,13,0,26
447.0,2019-03-27,5994.0,6110.0,1024.0,4068.0,399.0,4.0,134.0,6.0,54.0,34.0,271.0,Spring term,0,2019_03,27,mostly cloudy,13,4,27
448.0,2019-03-28,6062.0,6157.0,1097.0,4079.0,406.0,4.0,131.0,7.0,57.0,20.0,261.0,Spring term,0,2019_03,28,mostly cloudy,14,5,28
449.0,2019-03-29,4020.0,4107.0,863.0,2577.0,249.0,4.0,76.0,6.0,39.0,17.0,189.0,Spring term,0,2019_03,29,mostly sunny,17,0,29
450.0,2019-03-30,1770.0,1838.0,443.0,975.0,101.0,2.0,21.0,10.0,40.0,7.0,171.0,Spring term,0,2019_03,30,mostly sunny,19,3,30
451.0,2019-03-31,2210.0,2185.0,528.0,1351.0,147.0,0.0,9.0,3.0,29.0,16.0,127.0,Spring term,0,2019_03,31,mostly cloudy,11,6,31
452.0,2019-04-01,6229.0,6485.0,1097.0,4182.0,438.0,5.0,113.0,5.0,55.0,24.0,310.0,Spring term,0,2019_04,1,mostly sunny,14,4,01
453.0,2019-04-02,6674.0,6801.0,1157.0,4443.0,395.0,1.0,100.0,1.0,67.0,32.0,478.0,Spring term,0,2019_04,2,foggy,9,1,02
454.0,2019-04-03,6138.0,6278.0,1096.0,3973.0,397.0,6.0,127.0,8.0,51.0,25.0,455.0,Spring term,0,2019_04,3,mostly sunny,8,-1,03
455.0,2019-04-04,6268.0,6398.0,1014.0,4266.0,359.0,3.0,131.0,9.0,36.0,26.0,424.0,Spring term,0,2019_04,4,mostly cloudy,9,0,04
456.0,2019-04-05,4455.0,4574.0,974.0,2800.0,291.0,7.0,84.0,9.0,33.0,27.0,230.0,Spring term,0,2019_04,5,mostly sunny,13,6,05
457.0,2019-04-06,1945.0,2063.0,471.0,1089.0,108.0,1.0,12.0,6.0,32.0,22.0,204.0,Spring term,0,2019_04,6,mostly cloudy,10,3,06
458.0,2019-04-07,2521.0,2515.0,446.0,1603.0,129.0,0.0,10.0,1.0,31.0,28.0,273.0,Spring term,0,2019_04,7,foggy,12,7,07
459.0,2019-04-08,7355.0,7315.0,1257.0,4770.0,519.0,4.0,108.0,7.0,66.0,48.0,576.0,Spring term,0,2019_04,8,foggy,14,8,08
460.0,2019-04-09,6959.0,7272.0,1185.0,4538.0,401.0,6.0,110.0,11.0,74.0,35.0,599.0,Spring term,0,2019_04,9,scattered showers,10,7,09
461.0,2019-04-10,5999.0,6076.0,1161.0,3815.0,371.0,6.0,128.0,12.0,50.0,32.0,424.0,Spring term,0,2019_04,10,mostly sunny,11,4,10
462.0,2019-04-11,5460.0,5546.0,1092.0,3362.0,360.0,2.0,103.0,26.0,29.0,43.0,443.0,Spring term,0,2019_04,11,mostly sunny,10,1,11
463.0,2019-04-12,3720.0,3791.0,826.0,2120.0,216.0,4.0,73.0,13.0,35.0,35.0,398.0,Spring term,0,2019_04,12,mostly sunny,10,0,12
464.0,2019-04-13,1624.0,1684.0,332.0,757.0,64.0,1.0,15.0,12.0,28.0,16.0,399.0,Easter teaching break,0,2019_04,13,mostly sunny,9,1,13
465.0,2019-04-14,1540.0,1495.0,285.0,857.0,79.0,1.0,2.0,11.0,19.0,50.0,236.0,Easter teaching break,0,2019_04,14,mostly sunny,10,-1,14
466.0,2019-04-15,3198.0,3095.0,694.0,1620.0,154.0,1.0,82.0,23.0,49.0,85.0,490.0,Easter teaching break,0,2019_04,15,mostly sunny,14,1,15
467.0,2019-04-16,3147.0,3104.0,777.0,1497.0,160.0,2.0,99.0,23.0,48.0,41.0,500.0,Easter teaching break,0,2019_04,16,mostly sunny,15,6,16
468.0,2019-04-17,3052.0,3083.0,770.0,1431.0,175.0,4.0,110.0,26.0,54.0,52.0,430.0,Easter teaching break,0,2019_04,17,mostly sunny,18,5,17
469.0,2019-04-18,2358.0,2450.0,611.0,1070.0,104.0,1.0,64.0,10.0,32.0,41.0,425.0,Easter teaching break,0,2019_04,18,mostly sunny,21,7,18
470.0,2019-04-19,1.0,88.0,0.0,0.0,0.0,0.0,1.0,0.0,0.0,0.0,0.0,Easter teaching break,0,2019_04,19,mostly sunny,23,7,19
471.0,2019-04-20,2.0,1.0,0.0,0.0,0.0,2.0,0.0,0.0,0.0,0.0,0.0,Easter teaching break,0,2019_04,20,mostly sunny,23,9,20
472.0,2019-04-21,2.0,3.0,0.0,0.0,0.0,0.0,2.0,0.0,0.0,0.0,0.0,Easter teaching break,0,2019_04,21,mostly sunny,23,5,21
473.0,2019-04-22,2.0,1.0,0.0,0.0,0.0,1.0,1.0,0.0,0.0,0.0,0.0,Easter teaching break,0,2019_04,22,mostly sunny,24,8,22
474.0,2019-04-23,3017.0,2937.0,750.0,1645.0,164.0,2.0,59.0,14.0,55.0,70.0,258.0,Easter teaching break,0,2019_04,23,mostly sunny,21,10,23
475.0,2019-04-24,3459.0,3499.0,785.0,1854.0,215.0,7.0,118.0,32.0,64.0,72.0,312.0,Easter teaching break,0,2019_04,24,mostly cloudy,18,8,24
476.0,2019-04-25,3715.0,3718.0,833.0,2034.0,261.0,9.0,126.0,17.0,65.0,69.0,301.0,Easter teaching break,0,2019_04,25,mostly cloudy,15,8,25
477.0,2019-04-26,3346.0,3404.0,751.0,1909.0,234.0,4.0,92.0,20.0,56.0,69.0,211.0,Easter teaching break,0,2019_04,26,partly cloudy,15,5,26
478.0,2019-04-27,2531.0,2582.0,517.0,1420.0,190.0,1.0,12.0,8.0,56.0,64.0,263.0,Easter teaching break,0,2019_04,27,mostly cloudy,12,8,27
479.0,2019-04-28,3355.0,3345.0,662.0,2006.0,220.0,0.0,32.0,7.0,55.0,76.0,297.0,Easter teaching break,0,2019_04,28,partly cloudy,14,8,28
480.0,2019-04-29,8502.0,8507.0,1326.0,5952.0,596.0,2.0,128.0,13.0,96.0,71.0,318.0,Spring term,0,2019_04,29,partly cloudy,14,5,29
481.0,2019-04-30,8809.0,8959.0,1339.0,6286.0,597.0,2.0,106.0,9.0,126.0,51.0,293.0,Spring term,0,2019_04,30,mostly sunny,17,4,30
482.0,2019-05-01,7963.0,8069.0,1330.0,5508.0,558.0,2.0,116.0,22.0,102.0,63.0,262.0,Spring term,0,2019_05,1,mostly sunny,16,5,01
483.0,2019-05-02,8293.0,8375.0,1432.0,5724.0,558.0,3.0,124.0,7.0,80.0,80.0,285.0,Spring term,0,2019_05,2,partly cloudy,15,7,02
484.0,2019-05-03,7068.0,7223.0,1281.0,4825.0,499.0,1.0,108.0,6.0,75.0,45.0,228.0,Spring term,0,2019_05,3,foggy,15,7,03
485.0,2019-05-04,4772.0,4829.0,949.0,2947.0,347.0,3.0,35.0,13.0,88.0,92.0,298.0,Spring term,0,2019_05,4,mostly sunny,12,5,04
486.0,2019-05-05,5378.0,5432.0,1010.0,3480.0,366.0,0.0,19.0,6.0,68.0,113.0,316.0,Spring term,0,2019_05,5,mostly sunny,11,3,05
487.0,2019-05-06,7651.0,7655.0,1311.0,5214.0,515.0,1.0,52.0,12.0,114.0,168.0,264.0,Spring term,0,2019_05,6,mostly sunny,12,6,06
488.0,2019-05-07,10016.0,9982.0,1469.0,7164.0,694.0,3.0,117.0,3.0,128.0,86.0,352.0,Spring term,0,2019_05,7,mostly sunny,14,5,07
489.0,2019-05-08,8798.0,8848.0,1323.0,6218.0,649.0,6.0,107.0,2.0,107.0,67.0,319.0,Spring term,0,2019_05,8,scattered showers,14,8,08
490.0,2019-05-09,8723.0,8897.0,1478.0,6003.0,683.0,3.0,109.0,8.0,128.0,85.0,226.0,Spring term,0,2019_05,9,scattered showers,14,7,09
491.0,2019-05-10,6652.0,7797.0,1058.0,4564.0,551.0,4.0,80.0,3.0,105.0,72.0,215.0,Spring term,0,2019_05,10,mostly sunny,12,7,10
492.0,2019-05-11,5033.0,5119.0,912.0,3194.0,339.0,1.0,14.0,8.0,90.0,118.0,357.0,Spring term,0,2019_05,11,partly cloudy,15,4,11
493.0,2019-05-12,5655.0,5666.0,949.0,3699.0,391.0,0.0,9.0,7.0,113.0,105.0,382.0,Spring term,0,2019_05,12,mostly sunny,16,3,12
494.0,2019-05-13,8503.0,8411.0,1419.0,5886.0,587.0,5.0,115.0,15.0,106.0,76.0,294.0,Private study 2,0,2019_05,13,mostly sunny,16,3,13
495.0,2019-05-14,9267.0,9319.0,1500.0,6539.0,605.0,4.0,95.0,5.0,129.0,99.0,291.0,Private study 2,0,2019_05,14,mostly sunny,17,5,14
496.0,2019-05-15,8823.0,8880.0,1467.0,6104.0,608.0,3.0,104.0,7.0,151.0,84.0,295.0,Private study 2,0,2019_05,15,mostly sunny,19,4,15
497.0,2019-05-16,8118.0,8559.0,1115.0,5802.0,600.0,5.0,86.0,1.0,131.0,77.0,301.0,Year-end assessment,0,2019_05,16,mostly sunny,17,5,16
498.0,2019-05-17,6707.0,6828.0,849.0,4815.0,479.0,5.0,83.0,4.0,102.0,105.0,265.0,Year-end assessment,0,2019_05,17,mostly cloudy,15,9,17
499.0,2019-05-18,6343.0,6365.0,701.0,4332.0,452.0,2.0,26.0,13.0,111.0,177.0,529.0,Year-end assessment,0,2019_05,18,mostly cloudy,17,8,18
500.0,2019-05-19,6340.0,6338.0,715.0,4342.0,455.0,0.0,28.0,6.0,100.0,190.0,504.0,Year-end assessment,0,2019_05,19,foggy,17,8,19
501.0,2019-05-20,7589.0,7711.0,1213.0,5152.0,588.0,5.0,93.0,17.0,171.0,57.0,293.0,Year-end assessment,0,2019_05,20,mostly sunny,19,11,20
502.0,2019-05-21,6968.0,7059.0,1263.0,4607.0,514.0,6.0,109.0,3.0,131.0,93.0,242.0,Year-end assessment,0,2019_05,21,mostly sunny,20,9,21
503.0,2019-05-22,6873.0,6883.0,1202.0,4549.0,552.0,5.0,122.0,8.0,131.0,65.0,239.0,Year-end assessment,0,2019_05,22,mostly sunny,20,9,22
504.0,2019-05-23,6207.0,6391.0,1145.0,4052.0,551.0,6.0,123.0,21.0,57.0,66.0,186.0,Year-end assessment,0,2019_05,23,mostly sunny,22,6,23
505.0,2019-05-24,5370.0,5436.0,913.0,3668.0,393.0,2.0,81.0,13.0,67.0,47.0,186.0,Year-end assessment,0,2019_05,24,mostly sunny,22,9,24
506.0,2019-05-25,5018.0,5095.0,927.0,3192.0,317.0,1.0,32.0,19.0,67.0,117.0,346.0,Year-end assessment,0,2019_05,25,mostly sunny,23,14,25
507.0,2019-05-26,5024.0,4995.0,943.0,3071.0,416.0,0.0,36.0,15.0,76.0,107.0,360.0,Year-end assessment,0,2019_05,26,mostly sunny,19,13,26
508.0,2019-05-27,6148.0,6227.0,1187.0,3916.0,420.0,0.0,38.0,15.0,87.0,131.0,354.0,Year-end assessment,0,2019_05,27,mostly sunny,19,8,27
509.0,2019-05-28,5675.0,6041.0,1329.0,3441.0,395.0,2.0,106.0,11.0,66.0,49.0,276.0,Year-end assessment,0,2019_05,28,mostly sunny,17,8,28
510.0,2019-05-29,5126.0,5186.0,1094.0,3193.0,328.0,2.0,129.0,5.0,122.0,35.0,218.0,Year-end assessment,0,2019_05,29,mostly sunny,14,7,29
511.0,2019-05-30,4810.0,4894.0,976.0,3036.0,291.0,8.0,118.0,2.0,82.0,34.0,263.0,Year-end assessment,0,2019_05,30,partly cloudy,22,13,30
512.0,2019-05-31,4152.0,4260.0,779.0,2650.0,252.0,2.0,105.0,1.0,82.0,23.0,258.0,Year-end assessment,0,2019_05,31,mostly cloudy,19,12,31
513.0,2019-06-01,3149.0,3208.0,535.0,1904.0,181.0,0.0,21.0,13.0,74.0,70.0,351.0,Year-end assessment,0,2019_06,1,mostly sunny,25,8,01
514.0,2019-06-02,4001.0,3973.0,616.0,2564.0,238.0,0.0,19.0,8.0,69.0,88.0,399.0,Year-end assessment,0,2019_06,2,mostly sunny,24,13,02
515.0,2019-06-03,4879.0,4922.0,1062.0,2896.0,344.0,5.0,114.0,2.0,123.0,23.0,310.0,Year-end assessment,0,2019_06,3,mostly sunny,19,11,03
516.0,2019-06-04,4550.0,4601.0,985.0,2833.0,257.0,6.0,102.0,5.0,90.0,22.0,250.0,Year-end assessment,0,2019_06,4,partly cloudy,16,9,04
517.0,2019-06-05,4506.0,4484.0,1076.0,2650.0,219.0,1.0,106.0,9.0,113.0,18.0,314.0,Year-end assessment,0,2019_06,5,mostly sunny,17,11,05
518.0,2019-06-06,3712.0,3786.0,783.0,2265.0,198.0,3.0,87.0,12.0,102.0,11.0,251.0,Year-end assessment,0,2019_06,6,mostly sunny,17,9,06
519.0,2019-06-07,2816.0,2884.0,503.0,1724.0,144.0,2.0,62.0,4.0,138.0,6.0,233.0,Year-end assessment,0,2019_06,7,scattered showers,17,9,07
520.0,2019-06-08,2084.0,2162.0,316.0,1225.0,102.0,0.0,23.0,7.0,83.0,16.0,312.0,Year-end assessment,0,2019_06,8,partly cloudy,17,10,08
521.0,2019-06-09,2995.0,3110.0,450.0,1754.0,130.0,0.0,19.0,4.0,136.0,15.0,487.0,Year-end assessment,0,2019_06,9,mostly sunny,17,7,09
522.0,2019-06-10,3498.0,3531.0,741.0,1993.0,180.0,4.0,78.0,8.0,124.0,17.0,353.0,Year-end assessment,0,2019_06,10,scattered showers,13,10,10
523.0,2019-06-11,3470.0,3508.0,826.0,1870.0,193.0,6.0,109.0,6.0,158.0,22.0,280.0,Year-end assessment,0,2019_06,11,partly cloudy,18,12,11
524.0,2019-06-12,2791.0,2862.0,775.0,1306.0,129.0,4.0,100.0,13.0,163.0,22.0,279.0,Year-end assessment,0,2019_06,12,scattered showers,15,11,12
525.0,2019-06-13,2099.0,2134.0,585.0,907.0,94.0,3.0,98.0,13.0,194.0,18.0,187.0,Year-end assessment,0,2019_06,13,scattered showers,15,11,13
526.0,2019-06-14,1083.0,1173.0,417.0,227.0,47.0,3.0,68.0,18.0,196.0,12.0,95.0,Year-end assessment,0,2019_06,14,mostly cloudy,18,13,14
527.0,2019-06-15,394.0,437.0,133.0,40.0,6.0,6.0,13.0,4.0,76.0,17.0,99.0,Summer vacation,0,2019_06,15,partly cloudy,18,9,15
528.0,2019-06-16,386.0,390.0,92.0,44.0,7.0,2.0,7.0,3.0,85.0,21.0,125.0,Summer vacation,0,2019_06,16,mostly cloudy,18,9,16
529.0,2019-06-17,1153.0,1128.0,573.0,126.0,43.0,2.0,72.0,4.0,222.0,10.0,101.0,Summer vacation,0,2019_06,17,mostly sunny,20,12,17
530.0,2019-06-18,1201.0,1225.0,582.0,132.0,30.0,4.0,76.0,11.0,190.0,34.0,142.0,Summer vacation,0,2019_06,18,mostly sunny,18,11,18
531.0,2019-06-19,983.0,1009.0,521.0,104.0,32.0,4.0,101.0,10.0,105.0,36.0,70.0,Summer vacation,0,2019_06,19,scattered showers,20,13,19
532.0,2019-06-20,941.0,992.0,530.0,114.0,27.0,10.0,114.0,7.0,33.0,6.0,100.0,Summer vacation,0,2019_06,20,mostly sunny,18,12,20
533.0,2019-06-21,784.0,798.0,491.0,72.0,17.0,5.0,78.0,12.0,17.0,2.0,90.0,Summer vacation,0,2019_06,21,mostly sunny,20,9,21
534.0,2019-06-22,197.0,241.0,82.0,31.0,4.0,2.0,23.0,7.0,17.0,4.0,27.0,Summer vacation,0,2019_06,22,mostly sunny,22,8,22
535.0,2019-06-23,221.0,223.0,110.0,31.0,9.0,1.0,10.0,1.0,8.0,3.0,48.0,Summer vacation,0,2019_06,23,mostly sunny,24,10,23
536.0,2019-06-24,1058.0,1029.0,570.0,220.0,15.0,10.0,110.0,14.0,9.0,2.0,108.0,Summer vacation,0,2019_06,24,mostly sunny,23,16,24
537.0,2019-06-25,1164.0,1197.0,577.0,325.0,34.0,7.0,81.0,18.0,19.0,1.0,102.0,Summer vacation,0,2019_06,25,partly cloudy,25,16,25
538.0,2019-06-26,1054.0,1057.0,562.0,260.0,53.0,8.0,77.0,7.0,11.0,0.0,76.0,Summer vacation,0,2019_06,26,cloudy,22,15,26
539.0,2019-06-27,928.0,990.0,463.0,227.0,27.0,13.0,69.0,13.0,28.0,2.0,86.0,Summer vacation,0,2019_06,27,mostly sunny,21,14,27
540.0,2019-06-28,779.0,792.0,418.0,167.0,32.0,5.0,79.0,4.0,16.0,7.0,51.0,Summer vacation,0,2019_06,28,mostly sunny,23,14,28
541.0,2019-06-29,259.0,288.0,146.0,60.0,5.0,2.0,6.0,4.0,5.0,1.0,30.0,Summer vacation,0,2019_06,29,mostly sunny,31,12,29
542.0,2019-06-30,348.0,358.0,159.0,125.0,9.0,1.0,7.0,1.0,4.0,14.0,28.0,Summer vacation,0,2019_06,30,mostly sunny,23,14,30
543.0,2019-07-01,1094.0,1036.0,590.0,244.0,40.0,5.0,86.0,2.0,17.0,3.0,107.0,Summer vacation,0,2019_07,1,mostly sunny,22,13,01
544.0,2019-07-02,1120.0,1131.0,632.0,259.0,31.0,8.0,82.0,2.0,17.0,3.0,86.0,Summer vacation,0,2019_07,2,mostly sunny,22,12,02
545.0,2019-07-03,1146.0,1165.0,660.0,263.0,22.0,5.0,100.0,6.0,12.0,2.0,76.0,Summer vacation,0,2019_07,3,mostly sunny,21,12,03
546.0,2019-07-04,1176.0,1172.0,665.0,250.0,42.0,8.0,91.0,4.0,13.0,5.0,98.0,Summer vacation,0,2019_07,4,mostly sunny,25,10,04
547.0,2019-07-05,846.0,867.0,571.0,106.0,18.0,8.0,56.0,12.0,3.0,8.0,64.0,Summer vacation,0,2019_07,5,mostly sunny,26,14,05
548.0,2019-07-06,301.0,354.0,176.0,47.0,12.0,3.0,13.0,4.0,2.0,9.0,35.0,Summer vacation,0,2019_07,6,mostly sunny,25,15,06
549.0,2019-07-07,285.0,293.0,173.0,55.0,11.0,1.0,3.0,3.0,2.0,7.0,30.0,Summer vacation,0,2019_07,7,mostly cloudy,19,14,07
550.0,2019-07-08,1105.0,1063.0,594.0,243.0,23.0,5.0,124.0,6.0,9.0,10.0,91.0,Summer vacation,0,2019_07,8,partly cloudy,22,12,08
551.0,2019-07-09,1047.0,1065.0,578.0,206.0,28.0,6.0,99.0,4.0,18.0,14.0,94.0,Summer vacation,0,2019_07,9,mostly sunny,22,14,09
552.0,2019-07-10,1051.0,1081.0,644.0,180.0,25.0,6.0,83.0,11.0,20.0,7.0,75.0,Summer vacation,0,2019_07,10,mostly sunny,24,14,10
553.0,2019-07-11,1039.0,1056.0,638.0,188.0,30.0,6.0,64.0,5.0,16.0,8.0,84.0,Summer vacation,0,2019_07,11,mostly sunny,25,15,11
554.0,2019-07-12,917.0,934.0,574.0,99.0,35.0,5.0,80.0,13.0,19.0,4.0,88.0,Summer vacation,0,2019_07,12,mostly sunny,25,17,12
555.0,2019-07-13,385.0,433.0,229.0,72.0,11.0,3.0,9.0,8.0,4.0,10.0,39.0,Summer vacation,0,2019_07,13,mostly sunny,23,15,13
556.0,2019-07-14,353.0,357.0,171.0,102.0,9.0,2.0,8.0,0.0,6.0,10.0,45.0,Summer vacation,0,2019_07,14,partly cloudy,22,13,14
557.0,2019-07-15,1301.0,1260.0,716.0,288.0,35.0,5.0,98.0,12.0,16.0,9.0,122.0,Summer vacation,0,2019_07,15,mostly cloudy,21,12,15
558.0,2019-07-16,1301.0,1307.0,711.0,260.0,47.0,6.0,145.0,4.0,14.0,1.0,113.0,Summer vacation,0,2019_07,16,mostly sunny,24,10,16
559.0,2019-07-17,1343.0,1361.0,730.0,347.0,45.0,5.0,87.0,11.0,12.0,4.0,102.0,Summer vacation,0,2019_07,17,mostly sunny,24,10,17
560.0,2019-07-18,1106.0,1138.0,632.0,196.0,34.0,5.0,97.0,9.0,20.0,6.0,107.0,Summer vacation,0,2019_07,18,mostly sunny,22,15,18
561.0,2019-07-19,951.0,972.0,557.0,169.0,42.0,4.0,65.0,12.0,13.0,4.0,85.0,Summer vacation,0,2019_07,19,scattered showers,18,10,19
562.0,2019-07-20,392.0,425.0,206.0,85.0,18.0,1.0,14.0,2.0,3.0,8.0,55.0,Summer vacation,0,2019_07,20,partly cloudy,23,15,20
563.0,2019-07-21,490.0,492.0,223.0,182.0,15.0,1.0,3.0,0.0,2.0,3.0,61.0,Summer vacation,0,2019_07,21,mostly sunny,22,13,21
564.0,2019-07-22,1740.0,1719.0,825.0,541.0,53.0,4.0,117.0,13.0,7.0,12.0,168.0,Summer graduation,0,2019_07,22,mostly cloudy,24,16,22
565.0,2019-07-23,1356.0,1429.0,677.0,424.0,29.0,8.0,78.0,8.0,15.0,11.0,106.0,Summer graduation,0,2019_07,23,mostly sunny,32,13,23
566.0,2019-07-24,1324.0,1326.0,715.0,327.0,28.0,7.0,86.0,7.0,5.0,9.0,140.0,Summer graduation,0,2019_07,24,mostly sunny,30,19,24
567.0,2019-07-25,1239.0,1266.0,523.0,454.0,27.0,2.0,74.0,14.0,15.0,15.0,115.0,Summer graduation,0,2019_07,25,mostly sunny,34,17,25
568.0,2019-07-26,979.0,999.0,545.0,230.0,36.0,2.0,60.0,9.0,10.0,2.0,85.0,Summer graduation,0,2019_07,26,mostly sunny,25,18,26
569.0,2019-07-27,466.0,466.0,300.0,60.0,15.0,7.0,21.0,3.0,3.0,8.0,49.0,Summer vacation,0,2019_07,27,scattered showers,19,16,27
570.0,2019-07-28,458.0,484.0,252.0,126.0,12.0,1.0,8.0,2.0,1.0,8.0,48.0,Summer vacation,0,2019_07,28,mostly cloudy,23,15,28
571.0,2019-07-29,1499.0,1458.0,915.0,257.0,43.0,5.0,136.0,18.0,6.0,16.0,103.0,Summer vacation,0,2019_07,29,mostly sunny,24,12,29
572.0,2019-07-30,1536.0,1545.0,811.0,391.0,74.0,6.0,112.0,9.0,13.0,26.0,94.0,Summer vacation,0,2019_07,30,mostly cloudy,19,17,30
573.0,2019-07-31,1553.0,1569.0,886.0,359.0,58.0,10.0,104.0,5.0,6.0,15.0,110.0,Summer vacation,0,2019_07,31,partly cloudy,21,16,31
574.0,2019-08-01,1463.0,1481.0,830.0,356.0,51.0,5.0,70.0,16.0,11.0,15.0,109.0,Summer vacation,0,2019_08,1,mostly sunny,24,12,01
575.0,2019-08-02,1200.0,1214.0,715.0,214.0,65.0,7.0,52.0,9.0,14.0,17.0,107.0,Summer vacation,0,2019_08,2,mostly sunny,24,16,02
576.0,2019-08-03,313.0,358.0,123.0,125.0,19.0,2.0,13.0,0.0,0.0,1.0,30.0,Summer vacation,0,2019_08,3,mostly sunny,22,13,03
577.0,2019-08-04,546.0,554.0,227.0,225.0,23.0,1.0,6.0,1.0,9.0,6.0,48.0,Summer vacation,0,2019_08,4,mostly sunny,25,13,04
578.0,2019-08-05,2095.0,2045.0,924.0,784.0,50.0,6.0,118.0,11.0,33.0,23.0,146.0,Summer vacation,0,2019_08,5,mostly sunny,23,16,05
579.0,2019-08-06,2152.0,2177.0,1080.0,717.0,49.0,8.0,100.0,16.0,20.0,17.0,145.0,Summer vacation,0,2019_08,6,partly cloudy,22,15,06
580.0,2019-08-07,1612.0,1633.0,892.0,364.0,70.0,12.0,82.0,14.0,25.0,13.0,140.0,Summer vacation,0,2019_08,7,partly cloudy,23,14,07
581.0,2019-08-08,1600.0,1614.0,921.0,384.0,57.0,8.0,75.0,20.0,16.0,19.0,100.0,Summer vacation,0,2019_08,8,mostly sunny,22,13,08
582.0,2019-08-09,1247.0,1269.0,774.0,222.0,49.0,4.0,53.0,11.0,20.0,14.0,100.0,Summer vacation,0,2019_08,9,scattered showers,24,18,09
583.0,2019-08-10,479.0,516.0,269.0,111.0,24.0,2.0,8.0,3.0,4.0,9.0,49.0,Summer vacation,0,2019_08,10,scattered showers,20,16,10
584.0,2019-08-11,519.0,519.0,305.0,131.0,21.0,1.0,5.0,0.0,5.0,9.0,42.0,Summer vacation,0,2019_08,11,partly cloudy,21,15,11
585.0,2019-08-12,1818.0,1923.0,785.0,652.0,81.0,7.0,86.0,9.0,22.0,32.0,144.0,Summer vacation,0,2019_08,12,mostly sunny,17,11,12
586.0,2019-08-13,2170.0,2213.0,1013.0,725.0,112.0,9.0,100.0,6.0,19.0,25.0,161.0,Summer vacation,0,2019_08,13,mostly sunny,21,9,13
587.0,2019-08-14,1808.0,1872.0,951.0,487.0,80.0,8.0,77.0,10.0,18.0,27.0,150.0,Summer vacation,0,2019_08,14,scattered showers,17,13,14
588.0,2019-08-15,1893.0,1902.0,973.0,512.0,87.0,7.0,79.0,7.0,23.0,27.0,178.0,Summer vacation,0,2019_08,15,partly cloudy,22,14,15
589.0,2019-08-16,1465.0,1485.0,808.0,315.0,76.0,4.0,61.0,10.0,15.0,36.0,140.0,Summer vacation,0,2019_08,16,scattered showers,18,11,16
590.0,2019-08-17,747.0,797.0,407.0,159.0,45.0,2.0,5.0,1.0,5.0,55.0,68.0,Summer vacation,0,2019_08,17,partly cloudy,21,16,17
591.0,2019-08-18,700.0,721.0,364.0,202.0,35.0,1.0,8.0,0.0,8.0,42.0,40.0,Summer vacation,0,2019_08,18,partly cloudy,20,14,18
592.0,2019-08-19,1998.0,2076.0,1034.0,525.0,127.0,9.0,79.0,8.0,35.0,58.0,123.0,Summer vacation assessment,0,2019_08,19,mostly sunny,19,12,19
593.0,2019-08-20,2347.0,2366.0,1034.0,845.0,116.0,8.0,83.0,2.0,33.0,58.0,168.0,Summer vacation assessment,0,2019_08,20,mostly sunny,21,10,20
594.0,2019-08-21,2085.0,2117.0,1051.0,601.0,144.0,8.0,66.0,6.0,30.0,37.0,142.0,Summer vacation assessment,0,2019_08,21,mostly sunny,21,9,21
595.0,2019-08-22,1686.0,1733.0,878.0,458.0,83.0,6.0,61.0,6.0,30.0,41.0,123.0,Summer vacation assessment,0,2019_08,22,mostly sunny,22,11,22
596.0,2019-08-23,1546.0,1559.0,962.0,272.0,102.0,4.0,63.0,6.0,24.0,26.0,87.0,Summer vacation assessment,0,2019_08,23,mostly sunny,25,11,23
597.0,2019-08-24,536.0,594.0,307.0,123.0,30.0,1.0,4.0,3.0,4.0,13.0,51.0,Summer vacation assessment,0,2019_08,24,mostly sunny,28,11,24
598.0,2019-08-25,791.0,774.0,436.0,168.0,48.0,1.0,4.0,2.0,11.0,22.0,99.0,Summer vacation assessment,0,2019_08,25,mostly sunny,31,14,25
599.0,2019-08-26,1465.0,1452.0,888.0,296.0,81.0,3.0,5.0,7.0,21.0,55.0,109.0,Summer vacation assessment,0,2019_08,26,mostly sunny,30,14,26
600.0,2019-08-27,1649.0,1683.0,952.0,369.0,86.0,10.0,79.0,2.0,24.0,12.0,115.0,Summer vacation assessment,0,2019_08,27,mostly sunny,31,15,27
601.0,2019-08-28,1511.0,1513.0,1043.0,164.0,55.0,4.0,71.0,11.0,32.0,10.0,121.0,Summer vacation assessment,0,2019_08,28,mostly sunny,23,17,28
602.0,2019-08-29,1372.0,1382.0,907.0,128.0,67.0,9.0,66.0,16.0,25.0,23.0,131.0,Summer vacation assessment,0,2019_08,29,mostly sunny,22,13,29
603.0,2019-08-30,954.0,989.0,634.0,76.0,61.0,6.0,61.0,6.0,12.0,6.0,92.0,Summer vacation assessment,0,2019_08,30,mostly sunny,22,12,30
604.0,2019-08-31,399.0,432.0,246.0,33.0,31.0,2.0,16.0,4.0,8.0,1.0,58.0,Summer vacation assessment,0,2019_08,31,mostly sunny,22,11,31
605.0,2019-09-01,471.0,474.0,295.0,34.0,35.0,1.0,4.0,4.0,10.0,28.0,60.0,Summer vacation assessment,0,2019_09,1,mostly sunny,20,10,01
606.0,2019-09-02,1009.0,976.0,605.0,100.0,43.0,15.0,69.0,9.0,31.0,17.0,120.0,Summer vacation assessment,0,2019_09,2,mostly sunny,21,6,02
607.0,2019-09-03,725.0,759.0,414.0,76.0,26.0,10.0,64.0,7.0,28.0,5.0,95.0,Summer vacation assessment,0,2019_09,3,mostly cloudy,20,15,03
608.0,2019-09-04,603.0,614.0,316.0,70.0,33.0,7.0,56.0,5.0,15.0,8.0,93.0,Summer vacation assessment,0,2019_09,4,mostly sunny,20,14,04
609.0,2019-09-05,698.0,700.0,369.0,79.0,43.0,6.0,60.0,5.0,13.0,10.0,113.0,Summer vacation assessment,0,2019_09,5,mostly sunny,18,10,05
610.0,2019-09-06,576.0,591.0,265.0,76.0,43.0,6.0,63.0,3.0,22.0,0.0,98.0,Summer vacation assessment,0,2019_09,6,mostly sunny,18,7,06
611.0,2019-09-07,152.0,213.0,53.0,14.0,26.0,1.0,6.0,2.0,8.0,10.0,32.0,Summer vacation,0,2019_09,7,mostly sunny,18,11,07
612.0,2019-09-08,154.0,164.0,66.0,18.0,12.0,1.0,7.0,1.0,7.0,12.0,30.0,Summer vacation,0,2019_09,8,mostly sunny,18,7,08
613.0,2019-09-09,607.0,562.0,284.0,96.0,25.0,4.0,78.0,6.0,15.0,6.0,93.0,Summer vacation,0,2019_09,9,scattered showers,15,9,09
614.0,2019-09-10,628.0,637.0,296.0,74.0,40.0,5.0,87.0,2.0,25.0,0.0,99.0,Summer vacation,0,2019_09,10,mostly sunny,18,9,10
615.0,2019-09-11,545.0,582.0,232.0,77.0,43.0,7.0,77.0,6.0,9.0,1.0,93.0,Summer vacation,0,2019_09,11,mostly cloudy,20,13,11
616.0,2019-09-12,541.0,558.0,215.0,40.0,48.0,5.0,75.0,10.0,69.0,1.0,78.0,Summer vacation,0,2019_09,12,mostly cloudy,22,13,12
617.0,2019-09-13,523.0,551.0,228.0,63.0,22.0,6.0,75.0,9.0,27.0,1.0,92.0,Summer vacation,0,2019_09,13,mostly sunny,21,12,13
618.0,2019-09-14,160.0,211.0,40.0,21.0,17.0,5.0,11.0,1.0,12.0,12.0,41.0,Summer vacation,0,2019_09,14,mostly sunny,22,7,14
619.0,2019-09-15,109.0,116.0,22.0,17.0,14.0,1.0,2.0,1.0,5.0,5.0,42.0,Summer vacation,0,2019_09,15,mostly sunny,25,8,15
620.0,2019-09-16,563.0,528.0,256.0,101.0,32.0,5.0,69.0,10.0,23.0,2.0,65.0,Summer vacation,0,2019_09,16,mostly sunny,21,14,16
621.0,2019-09-17,659.0,674.0,319.0,95.0,32.0,5.0,64.0,9.0,31.0,3.0,101.0,Summer vacation,0,2019_09,17,mostly sunny,19,10,17
622.0,2019-09-18,690.0,684.0,327.0,137.0,24.0,4.0,86.0,3.0,28.0,0.0,81.0,Summer vacation,0,2019_09,18,mostly sunny,19,7,18
623.0,2019-09-19,587.0,603.0,252.0,118.0,16.0,6.0,93.0,5.0,24.0,0.0,73.0,Summer vacation,0,2019_09,19,mostly sunny,20,6,19
624.0,2019-09-20,503.0,528.0,182.0,121.0,33.0,3.0,68.0,6.0,21.0,3.0,66.0,Summer vacation,0,2019_09,20,mostly sunny,21,7,20
625.0,2019-09-21,337.0,402.0,75.0,100.0,17.0,6.0,7.0,2.0,25.0,15.0,90.0,Arrival Weekend,0,2019_09,21,mostly sunny,25,8,21
626.0,2019-09-22,536.0,567.0,66.0,262.0,26.0,1.0,3.0,4.0,40.0,20.0,114.0,Arrival Weekend,0,2019_09,22,mostly cloudy,20,14,22
627.0,2019-09-23,1161.0,1234.0,302.0,514.0,56.0,3.0,87.0,3.0,66.0,5.0,125.0,Autumn term,0,2019_09,23,scattered showers,19,13,23
628.0,2019-09-24,1505.0,1643.0,512.0,603.0,52.0,6.0,108.0,2.0,107.0,3.0,112.0,Autumn term,0,2019_09,24,scattered showers,20,15,24
629.0,2019-09-25,1562.0,1725.0,509.0,728.0,55.0,7.0,87.0,0.0,80.0,6.0,90.0,Autumn term,0,2019_09,25,scattered showers,18,15,25
630.0,2019-09-26,2129.0,2287.0,927.0,814.0,47.0,5.0,111.0,0.0,113.0,7.0,105.0,Autumn term,0,2019_09,26,scattered showers,19,14,26
631.0,2019-09-27,2131.0,2224.0,994.0,780.0,57.0,7.0,77.0,9.0,107.0,5.0,95.0,Autumn term,0,2019_09,27,partly cloudy,18,12,27
632.0,2019-09-28,643.0,724.0,223.0,267.0,27.0,6.0,19.0,8.0,35.0,13.0,45.0,Autumn term,0,2019_09,28,partly cloudy,19,11,28
633.0,2019-09-29,691.0,715.0,194.0,338.0,31.0,0.0,11.0,1.0,34.0,26.0,56.0,Autumn term,0,2019_09,29,scattered showers,18,13,29
634.0,2019-09-30,5853.0,5990.0,1271.0,3773.0,278.0,3.0,119.0,8.0,236.0,5.0,160.0,Autumn term,0,2019_09,30,mostly sunny,17,9,30
635.0,2019-10-01,5389.0,5535.0,1114.0,3597.0,254.0,5.0,92.0,9.0,126.0,5.0,187.0,Autumn term,0,2019_10,1,partly cloudy,19,11,01
636.0,2019-10-02,4657.0,4733.0,1102.0,2898.0,209.0,4.0,97.0,12.0,168.0,18.0,149.0,Autumn term,0,2019_10,2,mostly sunny,14,5,02
637.0,2019-10-03,5992.0,6017.0,1150.0,4071.0,333.0,3.0,98.0,6.0,88.0,7.0,236.0,Autumn term,0,2019_10,3,foggy,14,2,03
638.0,2019-10-04,4804.0,4961.0,978.0,3174.0,277.0,0.0,89.0,8.0,133.0,6.0,139.0,Autumn term,0,2019_10,4,scattered showers,15,9,04
639.0,2019-10-05,554.0,738.0,116.0,335.0,20.0,1.0,2.0,3.0,31.0,2.0,44.0,Autumn term,0,2019_10,5,mostly cloudy,15,7,05
640.0,2019-10-06,1376.0,1364.0,294.0,898.0,50.0,0.0,15.0,5.0,41.0,15.0,58.0,Autumn term,0,2019_10,6,partly cloudy,17,12,06
641.0,2019-10-07,6959.0,7073.0,1302.0,4714.0,390.0,3.0,120.0,11.0,176.0,13.0,230.0,Autumn term,0,2019_10,7,scattered showers,15,10,07
642.0,2019-10-08,5620.0,6873.0,1073.0,3321.0,275.0,6.0,97.0,7.0,79.0,13.0,749.0,Autumn term,0,2019_10,8,mostly sunny,17,10,08
643.0,2019-10-09,4471.0,4401.0,1009.0,2721.0,215.0,4.0,108.0,10.0,112.0,14.0,278.0,Autumn term,0,2019_10,9,mostly sunny,15,9,09
644.0,2019-10-10,6345.0,6645.0,1080.0,4504.0,363.0,3.0,102.0,4.0,72.0,18.0,199.0,Autumn term,0,2019_10,10,mostly sunny,16,8,10
645.0,2019-10-11,4420.0,4641.0,836.0,3062.0,252.0,3.0,80.0,6.0,61.0,10.0,110.0,Autumn term,0,2019_10,11,scattered showers,16,12,11
646.0,2019-10-12,845.0,984.0,193.0,489.0,30.0,4.0,27.0,6.0,20.0,4.0,72.0,Autumn term,0,2019_10,12,scattered showers,12,11,12
647.0,2019-10-13,1448.0,1443.0,297.0,924.0,62.0,0.0,11.0,11.0,47.0,18.0,78.0,Autumn term,0,2019_10,13,scattered showers,18,9,13
648.0,2019-10-14,6990.0,7004.0,1251.0,4836.0,375.0,4.0,94.0,9.0,142.0,15.0,264.0,Autumn term,0,2019_10,14,scattered showers,16,9,14
649.0,2019-10-15,7036.0,7168.0,1318.0,4890.0,356.0,2.0,87.0,9.0,65.0,20.0,289.0,Autumn term,0,2019_10,15,mostly cloudy,16,10,15
650.0,2019-10-16,4967.0,5145.0,1090.0,3145.0,268.0,9.0,90.0,13.0,152.0,20.0,180.0,Autumn term,0,2019_10,16,mostly cloudy,16,10,16
651.0,2019-10-17,6276.0,6489.0,1146.0,4373.0,356.0,5.0,88.0,11.0,64.0,27.0,206.0,Autumn term,0,2019_10,17,scattered showers,14,7,17
652.0,2019-10-18,4653.0,4811.0,883.0,3205.0,246.0,2.0,79.0,9.0,113.0,9.0,107.0,Autumn term,0,2019_10,18,mostly sunny,14,9,18
653.0,2019-10-19,1042.0,1139.0,212.0,659.0,50.0,1.0,10.0,7.0,45.0,7.0,51.0,Autumn term,0,2019_10,19,mostly sunny,15,6,19
654.0,2019-10-20,1511.0,1533.0,264.0,966.0,93.0,0.0,29.0,4.0,65.0,17.0,73.0,Autumn term,0,2019_10,20,partly cloudy,12,3,20
655.0,2019-10-21,7000.0,7378.0,1228.0,4836.0,399.0,5.0,98.0,10.0,179.0,20.0,225.0,Autumn term,0,2019_10,21,scattered showers,12,10,21
656.0,2019-10-22,6942.0,7220.0,1310.0,4872.0,365.0,2.0,91.0,3.0,81.0,27.0,191.0,Autumn term,0,2019_10,22,mostly sunny,15,4,22
657.0,2019-10-23,5321.0,5435.0,1160.0,3454.0,306.0,1.0,82.0,6.0,148.0,17.0,147.0,Autumn term,0,2019_10,23,foggy,15,2,23
658.0,2019-10-24,6510.0,6654.0,1013.0,4627.0,414.0,2.0,70.0,13.0,109.0,15.0,247.0,Autumn term,0,2019_10,24,foggy,13,10,24
659.0,2019-10-25,5087.0,5188.0,1065.0,3369.0,334.0,3.0,78.0,14.0,75.0,9.0,140.0,Autumn term,0,2019_10,25,scattered showers,16,10,25
660.0,2019-10-26,1277.0,1391.0,285.0,848.0,63.0,2.0,10.0,9.0,13.0,4.0,43.0,Autumn term,0,2019_10,26,scattered showers,17,7,26
661.0,2019-10-27,2059.0,2023.0,392.0,1427.0,96.0,0.0,35.0,3.0,42.0,9.0,55.0,Autumn term,0,2019_10,27,mostly sunny,11,3,27
662.0,2019-10-28,7862.0,7977.0,1308.0,5515.0,456.0,5.0,90.0,7.0,186.0,20.0,275.0,Autumn term,0,2019_10,28,mostly sunny,11,0,28
663.0,2019-10-29,7524.0,7738.0,1373.0,5265.0,416.0,2.0,100.0,9.0,116.0,22.0,221.0,Autumn term,0,2019_10,29,partly cloudy,12,7,29
664.0,2019-10-30,6281.0,6407.0,1161.0,4309.0,341.0,1.0,92.0,11.0,123.0,21.0,222.0,Autumn term,0,2019_10,30,mostly sunny,12,6,30
665.0,2019-10-31,5741.0,5897.0,1083.0,4025.0,350.0,2.0,87.0,11.0,29.0,14.0,140.0,Autumn term,0,2019_10,31,foggy,12,5,31
666.0,2019-11-01,3662.0,3587.0,846.0,2384.0,191.0,5.0,77.0,8.0,40.0,8.0,103.0,Autumn term,0,2019_11,1,scattered showers,15,8,01
667.0,2019-11-02,1162.0,1383.0,291.0,692.0,77.0,2.0,18.0,1.0,22.0,6.0,53.0,Autumn term,0,2019_11,2,scattered showers,14,10,02
668.0,2019-11-03,2769.0,2773.0,582.0,1822.0,168.0,0.0,18.0,7.0,56.0,9.0,107.0,Autumn term,0,2019_11,3,mostly sunny,13,4,03
669.0,2019-11-04,6805.0,6822.0,1338.0,4586.0,419.0,3.0,91.0,9.0,104.0,25.0,230.0,Autumn term,0,2019_11,4,scattered showers,11,6,04
670.0,2019-11-05,6284.0,6387.0,1145.0,4420.0,381.0,2.0,92.0,11.0,45.0,40.0,148.0,Autumn term,0,2019_11,5,foggy,12,6,05
671.0,2019-11-06,5675.0,5732.0,1138.0,3816.0,311.0,0.0,121.0,4.0,75.0,28.0,182.0,Autumn term,0,2019_11,6,mostly sunny,9,4,06
672.0,2019-11-07,6823.0,6509.0,1018.0,4946.0,429.0,3.0,108.0,1.0,64.0,23.0,231.0,Autumn term,0,2019_11,7,mostly sunny,10,2,07
673.0,2019-11-08,5191.0,5715.0,993.0,3605.0,297.0,3.0,77.0,9.0,59.0,24.0,124.0,Autumn term,0,2019_11,8,foggy,8,-1,08
674.0,2019-11-09,2099.0,2146.0,407.0,1370.0,109.0,1.0,15.0,10.0,57.0,22.0,108.0,Autumn term,0,2019_11,9,foggy,8,-1,09
675.0,2019-11-10,2776.0,2789.0,477.0,1962.0,153.0,2.0,20.0,8.0,55.0,22.0,77.0,Autumn term,0,2019_11,10,mostly sunny,10,4,10
676.0,2019-11-11,8023.0,8178.0,1195.0,5824.0,533.0,5.0,91.0,6.0,145.0,27.0,197.0,Autumn term,0,2019_11,11,partly cloudy,9,4,11
677.0,2019-11-12,8552.0,8807.0,1360.0,6031.0,530.0,2.0,103.0,9.0,52.0,23.0,442.0,Autumn term,0,2019_11,12,mostly sunny,8,3,12
678.0,2019-11-13,7405.0,7566.0,1280.0,5122.0,465.0,0.0,115.0,9.0,120.0,30.0,264.0,Autumn term,0,2019_11,13,mostly sunny,9,3,13
679.0,2019-11-14,7588.0,7956.0,930.0,5703.0,513.0,2.0,90.0,7.0,99.0,20.0,224.0,Autumn term,0,2019_11,14,foggy,9,1,14
680.0,2019-11-15,5289.0,5455.0,868.0,3718.0,405.0,1.0,61.0,8.0,69.0,17.0,142.0,Autumn term,0,2019_11,15,scattered showers,8,3,15
681.0,2019-11-16,2163.0,2208.0,452.0,1427.0,110.0,0.0,7.0,4.0,53.0,28.0,82.0,Autumn term,0,2019_11,16,mostly cloudy,8,5,16
682.0,2019-11-17,2799.0,2825.0,538.0,1886.0,166.0,0.0,10.0,2.0,94.0,17.0,86.0,Autumn term,0,2019_11,17,foggy,9,2,17
683.0,2019-11-18,7761.0,7929.0,1174.0,5483.0,553.0,0.0,79.0,10.0,158.0,22.0,282.0,Autumn term,0,2019_11,18,partly cloudy,9,0,18
684.0,2019-11-19,7584.0,7665.0,1222.0,5388.0,518.0,1.0,60.0,10.0,87.0,27.0,271.0,Autumn term,0,2019_11,19,foggy,7,-3,19
685.0,2019-11-20,6650.0,6768.0,1046.0,4632.0,492.0,0.0,78.0,8.0,173.0,42.0,179.0,Autumn term,0,2019_11,20,mostly sunny,7,1,20
686.0,2019-11-21,6558.0,6719.0,1030.0,4625.0,464.0,2.0,72.0,8.0,127.0,31.0,199.0,Autumn term,0,2019_11,21,foggy,8,3,21
687.0,2019-11-22,5004.0,5122.0,813.0,3441.0,390.0,1.0,69.0,8.0,136.0,26.0,120.0,Autumn term,0,2019_11,22,partly cloudy,9,6,22
688.0,2019-11-23,1490.0,1557.0,281.0,886.0,125.0,0.0,3.0,13.0,107.0,10.0,65.0,Autumn term,0,2019_11,23,scattered showers,11,7,23
689.0,2019-11-24,2139.0,2121.0,383.0,1386.0,155.0,0.0,6.0,5.0,83.0,30.0,91.0,Autumn term,0,2019_11,24,foggy,12,7,24
690.0,2019-11-25,5188.0,5208.0,872.0,3557.0,326.0,0.0,57.0,4.0,237.0,18.0,117.0,Autumn term,0,2019_11,25,scattered showers,12,9,25
691.0,2019-11-26,5510.0,5559.0,961.0,3801.0,342.0,1.0,76.0,2.0,145.0,31.0,151.0,Autumn term,0,2019_11,26,scattered showers,13,9,26
692.0,2019-11-27,4742.0,4784.0,816.0,3166.0,340.0,0.0,86.0,6.0,180.0,13.0,135.0,Autumn term,0,2019_11,27,scattered showers,12,9,27
693.0,2019-11-28,4944.0,5022.0,891.0,3312.0,302.0,1.0,83.0,11.0,209.0,19.0,116.0,Autumn term,0,2019_11,28,mostly cloudy,10,7,28
694.0,2019-11-29,3620.0,3754.0,632.0,2350.0,240.0,3.0,65.0,6.0,221.0,11.0,92.0,Autumn term,0,2019_11,29,mostly sunny,8,0,29
695.0,2019-11-30,1832.0,1875.0,334.0,1086.0,120.0,1.0,17.0,13.0,169.0,20.0,72.0,Autumn term,0,2019_11,30,foggy,7,-2,30
696.0,2019-12-01,1993.0,1971.0,345.0,1240.0,97.0,1.0,17.0,5.0,180.0,29.0,79.0,Autumn term,0,2019_12,1,mostly sunny,7,2,01
697.0,2019-12-02,6564.0,6504.0,965.0,4527.0,429.0,3.0,77.0,4.0,324.0,38.0,197.0,Autumn term,0,2019_12,2,mostly sunny,6,-2,02
698.0,2019-12-03,7141.0,7172.0,1118.0,5035.0,430.0,5.0,85.0,6.0,220.0,56.0,186.0,Autumn term,0,2019_12,3,mostly sunny,9,0,03
699.0,2019-12-04,6293.0,6425.0,1134.0,4179.0,398.0,2.0,71.0,10.0,282.0,62.0,155.0,Autumn term,0,2019_12,4,foggy,7,-2,04
700.0,2019-12-05,7340.0,7443.0,1269.0,5212.0,503.0,3.0,76.0,10.0,61.0,40.0,166.0,Autumn term,0,2019_12,5,foggy,10,-3,05
701.0,2019-12-06,5684.0,5878.0,1062.0,3853.0,434.0,14.0,77.0,12.0,62.0,28.0,142.0,Autumn term,0,2019_12,6,scattered showers,13,8,06
702.0,2019-12-07,2920.0,3026.0,563.0,1965.0,189.0,1.0,8.0,8.0,64.0,37.0,85.0,Autumn term,0,2019_12,7,mostly cloudy,11,7,07
703.0,2019-12-08,3610.0,3591.0,639.0,2490.0,241.0,0.0,11.0,10.0,75.0,34.0,110.0,Autumn term,0,2019_12,8,scattered showers,12,6,08
704.0,2019-12-09,8700.0,8616.0,1391.0,6271.0,649.0,10.0,97.0,7.0,65.0,30.0,180.0,Autumn term,0,2019_12,9,partly cloudy,10,0,09
705.0,2019-12-10,8034.0,8223.0,1058.0,5895.0,576.0,5.0,97.0,2.0,80.0,41.0,280.0,Autumn term,0,2019_12,10,scattered showers,11,-2,10
706.0,2019-12-11,6914.0,7006.0,1270.0,4782.0,511.0,2.0,83.0,5.0,67.0,16.0,178.0,Autumn term,0,2019_12,11,mostly sunny,8,2,11
707.0,2019-12-12,5414.0,5655.0,909.0,3818.0,454.0,3.0,63.0,3.0,21.0,44.0,99.0,Autumn term,0,2019_12,12,scattered showers,9,-2,12
708.0,2019-12-13,3210.0,3350.0,704.0,2080.0,268.0,3.0,42.0,7.0,6.0,33.0,67.0,Autumn term,0,2019_12,13,partly cloudy,8,6,13
709.0,2019-12-14,1085.0,1114.0,299.0,583.0,80.0,2.0,5.0,8.0,18.0,22.0,68.0,Christmas vacation 2,0,2019_12,14,mostly sunny,10,5,14
710.0,2019-12-15,997.0,1018.0,272.0,535.0,61.0,1.0,7.0,7.0,7.0,32.0,75.0,Christmas vacation 2,0,2019_12,15,mostly sunny,9,6,15
711.0,2019-12-16,2041.0,2006.0,597.0,1092.0,134.0,6.0,52.0,7.0,15.0,23.0,115.0,Christmas vacation 2,0,2019_12,16,scattered showers,9,6,16
712.0,2019-12-17,1957.0,1979.0,530.0,1000.0,143.0,3.0,55.0,2.0,11.0,50.0,163.0,Christmas vacation 2,0,2019_12,17,scattered showers,7,3,17
713.0,2019-12-18,1621.0,1664.0,483.0,710.0,136.0,5.0,66.0,5.0,13.0,49.0,154.0,Christmas vacation 2,0,2019_12,18,mostly sunny,11,0,18
714.0,2019-12-19,1301.0,1352.0,472.0,523.0,72.0,3.0,56.0,7.0,6.0,47.0,115.0,Christmas vacation 2,0,2019_12,19,scattered showers,13,10,19
715.0,2019-12-20,1093.0,1120.0,456.0,326.0,61.0,3.0,41.0,6.0,1.0,34.0,165.0,Christmas vacation 2,0,2019_12,20,scattered showers,10,5,20
716.0,2019-12-21,560.0,593.0,249.0,164.0,11.0,0.0,3.0,6.0,1.0,27.0,99.0,Christmas vacation 2,0,2019_12,21,scattered showers,10,7,21
717.0,2019-12-22,595.0,600.0,268.0,171.0,12.0,1.0,8.0,3.0,3.0,35.0,94.0,Christmas vacation 2,0,2019_12,22,mostly sunny,10,7,22
718.0,2019-12-23,537.0,561.0,251.0,153.0,19.0,5.0,7.0,3.0,0.0,8.0,91.0,Christmas vacation 2,0,2019_12,23,mostly sunny,10,5,23
719.0,2019-12-24,8.0,24.0,0.0,0.0,0.0,1.0,0.0,0.0,0.0,0.0,7.0,Christmas vacation 2,0,2019_12,24,scattered showers,12,8,24
720.0,2019-12-25,0.0,2.0,0.0,0.0,0.0,0.0,0.0,0.0,0.0,0.0,0.0,Christmas vacation 2,0,2019_12,25,mostly sunny,9,0,25
721.0,2019-12-26,1.0,0.0,0.0,0.0,0.0,1.0,0.0,0.0,0.0,0.0,0.0,Christmas vacation 2,0,2019_12,26,scattered showers,10,0,26
722.0,2019-12-27,8.0,11.0,0.0,0.0,0.0,3.0,1.0,0.0,0.0,0.0,4.0,Christmas vacation 2,0,2019_12,27,foggy,9,5,27
723.0,2019-12-28,535.0,527.0,203.0,178.0,19.0,0.0,12.0,3.0,0.0,18.0,102.0,Christmas vacation 2,0,2019_12,28,foggy,9,3,28
724.0,2019-12-29,792.0,797.0,247.0,285.0,42.0,3.0,7.0,8.0,4.0,25.0,171.0,Christmas vacation 2,0,2019_12,29,mostly cloudy,9,2,29
725.0,2019-12-30,991.0,1004.0,261.0,422.0,79.0,4.0,21.0,6.0,1.0,12.0,185.0,Christmas vacation 2,0,2019_12,30,foggy,10,0,30
726.0,2019-12-31,3.0,27.0,0.0,0.0,0.0,2.0,0.0,0.0,0.0,0.0,1.0,Christmas vacation 2,0,2019_12,31,foggy,9,2,31
,2018-01-01,,,,,,,,,,,,,0,2018_01,1,scattered showers,7,5,01
,2018-12-25,,,,,,,,,,,,,0,2018_12,25,mostly cloudy,8,-2,25
,2018-12-26,,,,,,,,,,,,,0,2018_12,26,foggy,9,3,26
