,Date,IN,OUT,Postgraduate,Undergraduate,Assistive-Tech,Library-Staff,Staff,Sconul,Default,BN,Other,Term_dates
0,2018-01-02,1807,1736,528,883,61,3,45,3,21,28,235,Christmas vacation 1
1,2018-01-03,2096,2107,580,955,96,1,64,13,21,37,329,Christmas vacation 1
2,2018-01-04,2914,2894,731,1474,123,3,78,30,47,101,327,Christmas vacation 1
3,2018-01-05,3199,3245,845,1630,147,1,74,17,53,123,309,Christmas vacation 1
4,2018-01-06,2700,2759,654,1484,134,0,11,6,38,110,263,Christmas vacation 1
5,2018-01-07,3222,3202,708,1929,142,1,17,6,30,137,252,Christmas vacation 1
6,2018-01-08,4755,4774,958,3018,257,2,80,11,90,23,316,Private study 1
7,2018-01-09,5610,5585,1144,3640,301,2,70,11,78,29,335,Private study 1
8,2018-01-10,6544,6563,1220,4382,334,1,100,14,112,42,339,Private study 1
9,2018-01-11,6314,6441,1224,4333,308,3,89,18,62,27,250,Mid-year assessment
10,2018-01-12,5081,5208,960,3470,320,1,59,21,62,34,154,Mid-year assessment
11,2018-01-13,4293,4335,737,2936,239,1,13,10,55,50,252,Mid-year assessment
12,2018-01-14,5242,5244,756,3776,313,1,20,12,36,69,259,Mid-year assessment
13,2018-01-15,5878,5933,927,4126,358,1,54,9,86,45,272,Mid-year assessment
14,2018-01-16,5904,6008,995,4052,409,1,61,11,80,28,267,Mid-year assessment
15,2018-01-17,5665,5713,948,3853,358,1,102,10,61,44,288,Mid-year assessment
16,2018-01-18,5161,5347,752,3670,326,1,59,7,60,37,249,Mid-year assessment
17,2018-01-19,4103,4269,631,2851,210,1,53,2,84,21,250,Mid-year assessment
18,2018-01-20,2456,2626,359,1669,177,1,17,3,42,15,173,Mid-year assessment
19,2018-01-21,2933,2937,354,2107,188,0,10,10,21,37,206,Mid-year assessment
20,2018-01-22,3949,3977,647,2665,218,1,66,20,86,27,219,Mid-year assessment
21,2018-01-23,3236,3285,659,2088,144,2,73,8,66,14,182,Mid-year assessment
22,2018-01-24,2847,2885,602,1765,142,1,82,3,38,9,205,Winter graduation
23,2018-01-25,2284,2326,538,1318,126,2,54,8,46,7,185,Winter graduation
24,2018-01-26,967,1032,372,337,59,2,62,9,27,9,90,Winter graduation
25,2018-01-27,432,483,120,128,30,0,20,8,20,9,97,Inter-session week
26,2018-01-28,469,465,129,145,36,1,10,4,27,0,117,Inter-session week
27,2018-01-29,1005,992,316,414,55,3,49,7,43,34,84,Inter-session week
28,2018-01-30,1016,1015,331,398,61,1,66,5,32,6,116,Inter-session week
29,2018-01-31,990,1013,362,372,62,2,73,5,34,11,69,Inter-session week
30,2018-02-01,1068,1071,348,440,54,2,63,29,36,10,86,Inter-session week
31,2018-02-02,1055,1124,337,432,39,2,51,3,85,9,97,Inter-session week
32,2018-02-03,473,529,133,182,21,1,14,3,19,19,81,Inter-session week
33,2018-02-04,625,628,148,280,39,1,2,3,26,9,117,Inter-session week
34,2018-02-05,4467,4488,870,2889,293,1,78,22,79,44,191,Spring term
35,2018-02-06,4585,4626,882,3004,293,1,98,6,43,15,243,Spring term
36,2018-02-07,3220,3304,878,1832,196,3,66,22,42,23,158,Spring term
37,2018-02-08,4039,4056,854,2566,258,4,95,18,38,23,183,Spring term
38,2018-02-09,2815,2904,612,1798,187,1,59,5,41,10,102,Spring term
39,2018-02-10,655,741,161,328,24,0,4,1,15,7,115,Spring term
40,2018-02-11,1115,1102,243,604,63,1,20,0,20,24,140,Spring term
41,2018-02-12,5126,5086,1073,3346,301,1,66,8,78,34,219,Spring term
42,2018-02-13,4828,4901,1022,3149,276,2,66,14,54,14,231,Spring term
43,2018-02-14,2901,3006,836,1622,186,2,54,9,48,9,135,Spring term
44,2018-02-15,4134,4288,818,2703,249,1,72,9,62,7,213,Spring term
45,2018-02-16,2881,2930,645,1753,163,2,66,11,58,12,171,Spring term
46,2018-02-17,834,898,222,431,32,2,6,4,20,14,103,Spring term
47,2018-02-18,1205,1218,276,679,68,1,12,4,23,8,134,Spring term
48,2018-02-19,5291,5219,991,3581,302,3,73,14,81,49,197,Spring term
49,2018-02-20,5326,5342,951,3655,308,3,67,16,94,20,212,Spring term
50,2018-02-21,3875,4002,920,2338,213,3,95,9,94,17,186,Spring term
51,2018-02-22,3168,3267,612,2147,162,3,49,19,45,6,125,Spring term
52,2018-02-23,2270,2293,467,1413,146,2,32,10,86,2,112,Spring term
53,2018-02-24,935,975,214,473,71,1,13,6,55,9,93,Spring term
54,2018-02-25,884,913,174,501,38,1,18,4,48,8,92,Spring term
55,2018-02-26,3552,3501,651,2339,238,2,71,6,54,25,166,Spring term
56,2018-02-27,3027,3088,605,2034,179,2,36,3,49,11,108,Spring term
57,2018-02-28,2972,2990,599,1952,170,2,36,4,65,3,141,Spring term
58,2018-03-01,4260,4333,700,2917,284,2,67,4,76,18,192,Spring term
59,2018-03-02,2880,2922,574,1871,163,2,75,5,79,9,102,Spring term
60,2018-03-03,1191,1265,315,635,47,2,14,4,62,14,98,Spring term
61,2018-03-04,1453,1446,277,873,69,1,6,6,73,10,138,Spring term
62,2018-03-05,4477,4450,747,3085,232,2,68,4,168,17,154,Spring term
63,2018-03-06,4764,4842,761,3319,289,2,82,12,108,10,181,Spring term
64,2018-03-07,3559,3624,662,2381,193,1,48,12,110,9,143,Spring term
65,2018-03-08,4354,4360,758,2975,255,1,48,4,149,15,149,Spring term
66,2018-03-09,3556,3628,701,2474,54,2,76,4,145,1,99,Spring term
67,2018-03-10,1374,1448,211,830,0,1,17,10,139,1,165,Spring term
68,2018-03-11,1609,1620,288,1020,9,1,8,5,133,4,141,Spring term
69,2018-03-12,4585,4825,693,3301,44,1,120,5,50,147,224,Spring term
70,2018-03-13,5539,5554,746,3907,310,1,151,10,100,47,267,Spring term
71,2018-03-14,3583,3752,734,2336,141,5,107,2,91,16,151,Spring term
72,2018-03-15,8,109,0,0,0,1,7,0,0,0,0,Spring term
73,2018-03-16,3425,3339,663,2277,198,0,101,4,19,8,155,Spring term
74,2018-03-17,1146,1243,170,700,55,2,13,0,30,17,159,Spring term
75,2018-03-18,1856,1837,287,1195,78,1,18,4,25,23,225,Spring term
76,2018-03-19,6153,6082,999,4281,411,1,125,8,41,26,261,Spring term
77,2018-03-20,6121,6175,970,4370,388,3,97,4,37,24,228,Spring term
78,2018-03-21,4351,4470,875,2913,252,3,71,5,32,26,174,Spring term
79,2018-03-22,4590,4648,835,3155,314,2,78,5,35,10,156,Spring term
80,2018-03-23,2975,3103,594,1921,207,1,65,8,22,14,143,Spring term
81,2018-03-24,718,819,195,283,50,1,4,1,24,13,147,Easter teaching break
82,2018-03-25,824,822,174,391,50,1,10,5,31,6,156,Easter teaching break
83,2018-03-26,1774,1756,449,912,97,2,87,9,18,21,179,Easter teaching break
84,2018-03-27,1757,1790,421,855,98,1,104,15,11,16,236,Easter teaching break
85,2018-03-28,1537,1573,409,754,113,2,54,6,7,6,186,Easter teaching break
86,2018-03-29,1293,1338,406,591,70,1,29,15,12,2,167,Easter teaching break
87,2018-03-30,1,42,0,0,0,0,1,0,0,0,0,Easter teaching break
88,2018-03-31,3,2,3,0,0,0,0,0,0,0,0,Easter teaching break
89,2018-04-01,0,1,0,0,0,0,0,0,0,0,0,Easter teaching break
90,2018-04-02,1,1,0,0,0,0,1,0,0,0,0,Easter teaching break
91,2018-04-03,2014,1959,545,811,87,1,38,19,16,6,491,Easter teaching break
92,2018-04-04,2050,2070,497,897,78,3,63,18,26,10,458,Easter teaching break
93,2018-04-05,2305,2337,525,1053,100,3,59,11,17,10,527,Easter teaching break
94,2018-04-06,2138,2133,521,988,86,2,63,16,18,16,428,Easter teaching break
95,2018-04-07,1624,1691,360,839,64,1,13,11,16,29,291,Easter teaching break
96,2018-04-08,1889,1882,347,1130,66,0,16,6,21,17,286,Easter teaching break
97,2018-04-09,6691,6716,1006,4436,405,2,94,26,63,39,620,Spring term
98,2018-04-10,7416,7488,1166,4896,425,1,91,18,70,35,714,Spring term
99,2018-04-11,6511,6630,1013,4352,393,0,84,26,59,35,549,Spring term
100,2018-04-12,6844,6965,1133,4558,392,1,79,11,53,28,589,Spring term
101,2018-04-13,4623,5013,692,3057,255,1,57,28,42,37,454,Spring term
102,2018-04-14,2320,2388,412,1342,107,1,8,9,30,50,361,Spring term
103,2018-04-15,2820,2817,400,1851,144,0,13,15,26,53,318,Spring term
104,2018-04-16,7658,7715,1146,5433,423,1,71,8,96,30,450,Spring term
105,2018-04-17,7294,7533,1189,5051,480,1,87,16,102,30,338,Spring term
106,2018-04-18,5623,5777,1050,3693,386,1,80,8,67,50,288,Spring term
107,2018-04-19,5935,6014,1024,3956,395,3,101,12,104,68,272,Spring term
108,2018-04-20,4102,4257,931,2471,287,2,89,13,63,38,208,Spring term
109,2018-04-21,2324,2347,446,1267,141,1,11,14,47,51,346,Spring term
110,2018-04-22,3415,3394,528,2111,235,1,13,22,59,57,389,Spring term
111,2018-04-23,7995,7914,1172,5639,533,1,98,17,97,96,342,Spring term
112,2018-04-24,7956,8114,1233,5664,509,3,82,13,73,46,333,Spring term
113,2018-04-25,6881,6992,1203,4709,433,1,76,7,92,34,326,Spring term
114,2018-04-26,6856,6939,1184,4710,448,1,85,11,89,44,284,Spring term
115,2018-04-27,5023,5150,862,3398,353,2,64,6,73,21,244,Spring term
116,2018-04-28,3363,3444,631,2000,187,2,22,3,45,43,430,Spring term
117,2018-04-29,3558,3585,548,2300,189,1,36,11,44,50,379,Spring term
118,2018-04-30,7434,7345,1071,5411,464,3,68,9,84,38,286,Spring term
119,2018-05-01,8729,8755,1433,6161,557,2,104,10,80,69,313,Spring term
120,2018-05-02,7143,7237,1231,4916,479,1,61,10,106,43,296,Spring term
121,2018-05-03,7717,7889,1299,5393,497,2,98,15,82,38,293,Spring term
122,2018-05-04,6129,6249,1235,3962,444,2,92,10,72,47,265,Spring term
123,2018-05-05,3266,3391,721,1894,191,1,21,5,22,64,347,Spring term
124,2018-05-06,3451,3463,623,2186,167,1,29,2,55,92,296,Spring term
125,2018-05-07,6330,6309,1194,4206,387,0,23,3,65,108,344,Spring term
126,2018-05-08,8962,8925,1580,6253,522,1,85,6,80,145,290,Spring term
127,2018-05-09,8554,8545,1448,5862,533,1,79,10,115,136,370,Spring term
128,2018-05-10,8981,9137,1390,6341,593,1,80,8,127,94,347,Spring term
129,2018-05-11,6779,7123,1304,4451,480,1,68,6,108,76,285,Spring term
130,2018-05-12,4378,4495,897,2640,248,1,45,6,44,102,395,Spring term
131,2018-05-13,5293,5308,968,3454,280,0,41,5,76,95,374,Spring term
132,2018-05-14,8235,8183,1434,5612,469,2,81,20,134,151,332,Private study 2
133,2018-05-15,8328,8425,1492,5733,521,2,65,10,119,98,288,Private study 2
134,2018-05-16,8041,8033,1456,5586,453,3,85,11,106,65,276,Private study 2
135,2018-05-17,7409,7634,1409,5104,471,1,57,5,96,56,210,Year-end assessment
136,2018-05-18,5820,6011,1101,3963,387,2,65,9,45,70,178,Year-end assessment
137,2018-05-19,4360,4394,729,2879,273,1,11,15,48,133,271,Year-end assessment
138,2018-05-20,5370,5346,861,3510,339,0,17,16,50,182,395,Year-end assessment
139,2018-05-21,7409,7413,1340,4952,498,1,90,10,74,132,312,Year-end assessment
140,2018-05-22,7588,7655,1386,5110,478,2,103,15,88,124,282,Year-end assessment
141,2018-05-23,7320,7415,1271,4979,469,1,65,16,108,88,323,Year-end assessment
142,2018-05-24,6200,6348,954,4272,486,1,85,15,60,91,236,Year-end assessment
143,2018-05-25,5209,5361,882,3602,327,2,65,12,59,62,198,Year-end assessment
144,2018-05-26,4130,4252,796,2618,245,2,15,7,44,86,317,Year-end assessment
145,2018-05-27,4522,4445,810,2904,320,0,10,7,41,106,324,Year-end assessment
146,2018-05-28,6119,6168,933,4099,337,0,39,16,72,151,472,Year-end assessment
147,2018-05-29,6145,6242,1135,3984,382,1,86,22,63,78,394,Year-end assessment
148,2018-05-30,5652,5720,934,3644,418,1,83,14,79,92,387,Year-end assessment
149,2018-05-31,4868,4955,553,3331,366,2,73,14,51,87,391,Year-end assessment
150,2018-06-01,3990,4653,505,2666,267,1,76,6,30,53,386,Year-end assessment
151,2018-06-02,3207,3303,388,1978,190,2,11,4,32,45,557,Year-end assessment
152,2018-06-03,3645,3604,441,2288,205,0,27,11,55,81,537,Year-end assessment
153,2018-06-04,4979,4991,784,3347,297,2,88,6,50,57,348,Year-end assessment
154,2018-06-05,4630,4686,696,3197,266,4,70,16,61,41,279,Year-end assessment
155,2018-06-06,4487,4553,635,3024,287,2,97,12,73,20,337,Year-end assessment
156,2018-06-07,3761,3814,449,2658,201,1,79,5,68,21,279,Year-end assessment
157,2018-06-08,2748,2815,372,1809,131,1,67,6,102,2,258,Year-end assessment
158,2018-06-09,1783,2000,146,1053,64,1,14,0,62,10,433,Year-end assessment
159,2018-06-10,2722,2771,199,1658,105,0,26,7,129,15,583,Year-end assessment
160,2018-06-11,3319,3353,478,2259,155,1,44,16,108,9,249,Year-end assessment
161,2018-06-12,3295,3317,513,2093,155,1,76,2,98,47,310,Year-end assessment
162,2018-06-13,3073,3121,513,1839,118,1,86,9,117,5,385,Year-end assessment
163,2018-06-14,2232,2292,404,1232,112,1,66,8,118,7,284,Year-end assessment
164,2018-06-15,1102,1188,299,408,55,4,62,10,109,3,152,Year-end assessment
165,2018-06-16,353,394,70,49,10,3,7,2,57,2,153,Summer vacation
166,2018-06-17,353,359,102,34,6,1,14,1,47,0,148,Summer vacation
167,2018-06-18,733,732,312,62,34,1,74,17,69,29,135,Summer vacation
168,2018-06-19,846,838,394,102,24,4,91,3,99,2,127,Summer vacation
169,2018-06-20,828,834,404,95,35,3,109,9,46,8,119,Summer vacation
170,2018-06-21,739,775,390,85,21,3,72,8,5,0,155,Summer vacation
171,2018-06-22,635,646,338,102,27,4,84,4,23,2,51,Summer vacation
172,2018-06-23,238,276,106,38,10,3,18,1,8,3,51,Summer vacation
173,2018-06-24,163,202,67,29,3,3,13,0,3,1,44,Summer vacation
174,2018-06-25,859,849,413,209,25,7,80,3,16,9,97,Summer vacation
175,2018-06-26,1052,1128,426,356,17,5,108,3,12,5,120,Summer vacation
176,2018-06-27,1038,1052,459,326,22,5,90,7,10,9,110,Summer vacation
177,2018-06-28,906,951,353,358,14,6,87,7,7,1,73,Summer vacation
178,2018-06-29,814,867,399,240,17,4,60,7,32,5,50,Summer vacation
179,2018-06-30,290,323,98,139,4,3,7,4,7,5,23,Summer vacation
180,2018-07-01,410,483,109,230,12,3,13,1,6,0,36,Summer vacation
181,2018-07-02,900,891,382,325,25,8,77,5,1,5,72,Summer vacation
182,2018-07-03,1025,1051,411,396,22,6,88,9,22,5,66,Summer vacation
183,2018-07-04,1012,1046,393,388,29,5,77,6,5,0,109,Summer vacation
184,2018-07-05,985,1005,407,394,20,5,76,4,14,5,60,Summer vacation
185,2018-07-06,582,623,290,142,14,5,60,7,2,0,62,Summer vacation
186,2018-07-07,187,213,80,66,10,3,4,2,1,0,21,Summer vacation
187,2018-07-08,329,327,98,175,4,3,5,1,4,3,36,Summer vacation
188,2018-07-09,1065,1071,476,356,22,4,82,10,0,14,101,Summer vacation
189,2018-07-10,1048,1064,444,393,29,3,86,0,3,3,87,Summer vacation
190,2018-07-11,880,1024,351,301,23,4,99,5,3,4,90,Summer vacation
191,2018-07-12,800,838,325,285,29,3,59,4,3,2,90,Summer vacation
192,2018-07-13,798,788,415,211,27,1,63,11,2,1,67,Summer vacation
193,2018-07-14,267,312,106,92,9,2,20,5,5,0,28,Summer vacation
194,2018-07-15,332,323,101,172,7,3,6,2,0,0,41,Summer vacation
195,2018-07-16,1056,1073,506,330,30,4,74,7,5,7,93,Summer vacation
196,2018-07-17,1126,1165,524,380,20,5,86,4,3,1,103,Summer vacation
197,2018-07-18,1178,1181,519,429,17,6,73,6,1,15,112,Summer vacation
198,2018-07-19,1029,1091,529,300,21,6,68,7,2,4,92,Summer vacation
199,2018-07-20,852,892,453,218,11,7,78,6,2,6,71,Summer vacation
200,2018-07-21,363,389,172,128,15,5,4,4,7,0,28,Summer vacation
201,2018-07-22,481,490,187,223,5,2,2,7,6,6,43,Summer vacation
202,2018-07-23,1460,1458,607,615,27,8,98,3,3,12,87,Summer graduation
203,2018-07-24,1309,1325,578,444,32,9,133,4,3,4,102,Summer graduation
204,2018-07-25,1253,1280,561,398,31,8,134,6,9,6,100,Summer graduation
205,2018-07-26,1181,1234,525,450,25,6,70,15,9,5,76,Summer graduation
206,2018-07-27,908,938,473,233,37,7,48,9,8,3,90,Summer graduation
207,2018-07-28,332,361,185,61,9,2,6,8,4,5,52,Summer vacation
208,2018-07-29,222,226,111,37,11,4,2,3,3,2,49,Summer vacation
209,2018-07-30,1196,1189,634,350,42,12,42,10,4,9,93,Summer vacation
210,2018-07-31,1370,1377,702,374,24,6,102,11,11,11,129,Summer vacation
211,2018-08-01,1349,1574,661,396,38,9,95,10,9,13,118,Summer vacation
212,2018-08-02,1261,1285,586,448,23,5,89,14,5,5,86,Summer vacation
213,2018-08-03,1174,1205,624,305,24,8,64,19,8,14,108,Summer vacation
214,2018-08-04,267,286,102,128,2,4,2,2,6,0,21,Summer vacation
215,2018-08-05,524,522,187,259,7,1,4,2,4,9,51,Summer vacation
216,2018-08-06,1844,1880,741,823,23,6,79,4,6,22,140,Summer vacation
217,2018-08-07,1816,1887,716,805,43,8,96,6,10,23,109,Summer vacation
218,2018-08-08,1317,1344,722,332,36,9,70,10,4,21,113,Summer vacation
219,2018-08-09,1359,1365,625,450,37,14,95,8,9,20,101,Summer vacation
220,2018-08-10,984,997,603,185,23,5,71,9,1,17,70,Summer vacation
221,2018-08-11,425,466,269,76,16,3,5,5,3,7,41,Summer vacation
222,2018-08-12,485,487,254,126,19,6,1,1,1,17,60,Summer vacation
223,2018-08-13,1721,1690,724,679,58,6,108,11,5,32,98,Summer vacation
224,2018-08-14,1740,1746,750,665,77,9,122,9,5,21,82,Summer vacation
225,2018-08-15,1538,1578,706,510,57,4,96,4,10,36,115,Summer vacation
226,2018-08-16,1372,1377,671,405,80,9,69,17,16,27,78,Summer vacation
227,2018-08-17,1140,1182,675,209,38,5,84,15,6,31,77,Summer vacation
228,2018-08-18,575,620,353,109,20,4,8,6,2,26,47,Summer vacation
229,2018-08-19,541,541,288,151,24,5,13,2,4,14,40,Summer vacation
230,2018-08-20,1519,1487,891,315,60,3,96,9,4,38,103,Summer vacation assessment
231,2018-08-21,1318,1350,703,328,49,5,83,12,0,31,107,Summer vacation assessment
232,2018-08-22,1516,1509,817,385,73,5,83,11,5,37,100,Summer vacation assessment
233,2018-08-23,1416,1465,732,399,63,4,75,9,8,40,86,Summer vacation assessment
234,2018-08-24,1158,1184,685,248,69,4,61,8,5,3,75,Summer vacation assessment
235,2018-08-25,570,606,348,103,25,4,3,3,7,18,59,Summer vacation assessment
236,2018-08-26,439,423,205,100,35,3,6,1,6,26,57,Summer vacation assessment
237,2018-08-27,1699,1654,1009,354,87,2,10,13,12,93,119,Summer vacation assessment
238,2018-08-28,1633,1647,881,427,65,4,79,12,4,49,112,Summer vacation assessment
239,2018-08-29,1472,1556,724,477,52,5,58,16,4,9,127,Summer vacation assessment
240,2018-08-30,1089,1122,607,263,60,6,61,4,7,6,75,Summer vacation assessment
241,2018-08-31,888,899,448,215,53,5,68,11,3,23,62,Summer vacation assessment
242,2018-09-01,447,477,244,105,27,5,9,9,5,11,32,Summer vacation assessment
243,2018-09-02,572,566,348,124,12,4,4,7,11,6,56,Summer vacation assessment
244,2018-09-03,1188,1165,559,337,66,9,72,7,10,17,111,Summer vacation assessment
245,2018-09-04,833,914,364,255,42,5,72,4,3,11,77,Summer vacation assessment
246,2018-09-05,654,659,250,187,21,4,76,3,4,13,96,Summer vacation assessment
247,2018-09-06,731,780,220,217,60,5,88,7,5,2,127,Summer vacation assessment
248,2018-09-07,522,522,219,90,26,6,81,10,6,1,83,Summer vacation assessment
249,2018-09-08,105,174,26,22,11,4,11,1,2,3,25,Summer vacation
250,2018-09-09,134,135,40,30,8,4,8,1,3,4,36,Summer vacation
251,2018-09-10,607,585,219,166,17,3,98,5,2,0,97,Summer vacation
252,2018-09-11,579,589,227,128,26,14,72,2,1,4,105,Summer vacation
253,2018-09-12,526,543,215,114,25,5,69,6,2,7,83,Summer vacation
254,2018-09-13,557,582,225,108,18,3,84,12,3,10,94,Summer vacation
255,2018-09-14,478,517,187,134,15,2,52,9,1,3,75,Summer vacation
256,2018-09-15,199,175,73,73,1,4,11,3,3,4,27,Arrival Weekend
257,2018-09-16,567,619,76,164,6,3,17,6,18,6,271,Arrival Weekend
258,2018-09-17,1679,1717,310,634,41,3,122,5,74,10,480,Arrival Weekend
259,2018-09-18,1825,1961,534,737,69,3,79,12,171,13,207,Autumn term
260,2018-09-19,2163,2248,575,865,65,5,99,10,236,11,297,Autumn term
261,2018-09-20,2365,2492,949,821,66,6,97,9,211,14,192,Autumn term
262,2018-09-21,1822,2003,762,627,56,4,76,6,142,11,138,Autumn term
263,2018-09-22,596,691,204,264,20,5,13,9,34,1,46,Autumn term
264,2018-09-23,865,879,246,452,24,2,14,7,61,2,57,Autumn term
265,2018-09-24,6278,6510,1462,3831,263,4,118,10,247,27,316,Autumn term
266,2018-09-25,6024,6126,1435,3790,226,2,96,7,243,10,215,Autumn term
267,2018-09-26,4112,4201,1222,2277,146,5,99,10,181,3,169,Autumn term
268,2018-09-27,5514,5583,1260,3552,247,3,77,6,193,16,160,Autumn term
269,2018-09-28,4625,4727,1194,2801,204,4,53,7,190,13,159,Autumn term
270,2018-09-29,663,901,225,319,21,2,4,4,42,0,46,Autumn term
271,2018-09-30,1380,1421,371,739,52,2,4,11,108,5,88,Autumn term
272,2018-10-01,7070,7309,1572,4592,271,3,81,0,256,2,293,Autumn term
273,2018-10-02,6303,6863,1482,3940,338,2,103,11,188,13,226,Autumn term
274,2018-10-03,4742,4968,1402,2576,179,0,90,13,292,13,177,Autumn term
275,2018-10-04,6241,6343,1416,3962,306,1,99,17,233,6,201,Autumn term
276,2018-10-05,4821,5019,1220,2967,232,1,84,15,106,4,192,Autumn term
277,2018-10-06,830,980,239,462,27,5,8,2,25,1,61,Autumn term
278,2018-10-07,1541,1530,335,997,75,0,4,4,46,10,70,Autumn term
279,2018-10-08,7146,7326,1687,4665,301,4,93,9,117,53,217,Autumn term
280,2018-10-09,6961,7260,1648,4451,351,1,104,14,110,21,261,Autumn term
281,2018-10-10,5118,6246,1468,3074,181,2,101,14,106,13,159,Autumn term
282,2018-10-11,6155,6340,1472,3996,306,2,81,14,112,8,164,Autumn term
283,2018-10-12,4763,4978,1199,3000,202,2,84,14,109,14,139,Autumn term
284,2018-10-13,1184,1295,313,664,33,3,10,1,42,9,109,Autumn term
285,2018-10-14,1806,1833,402,1145,95,2,19,2,43,11,87,Autumn term
286,2018-10-15,7348,7540,1548,4946,324,1,100,15,175,24,215,Autumn term
287,2018-10-16,7567,7788,1664,5057,375,1,87,10,111,11,251,Autumn term
288,2018-10-17,4653,4473,1210,2867,230,4,83,8,94,10,147,Autumn term
289,2018-10-18,6376,7003,1348,4316,339,1,88,9,103,18,154,Autumn term
290,2018-10-19,4915,5082,1227,3066,287,3,81,8,113,5,125,Autumn term
291,2018-10-20,1441,1596,382,853,61,2,19,13,36,2,73,Autumn term
292,2018-10-21,1908,1906,389,1220,99,0,20,3,62,9,106,Autumn term
293,2018-10-22,7125,7211,1600,4714,330,4,87,19,81,56,234,Autumn term
294,2018-10-23,7332,7594,1574,4888,364,6,89,17,113,29,252,Autumn term
295,2018-10-24,5901,6076,1415,3693,297,4,98,7,126,19,242,Autumn term
296,2018-10-25,6588,6675,1462,4349,367,4,75,9,98,19,205,Autumn term
297,2018-10-26,4308,4495,1067,2721,227,5,72,5,72,8,131,Autumn term
298,2018-10-27,1343,1436,389,728,53,4,13,6,50,6,94,Autumn term
299,2018-10-28,1739,1747,438,1043,89,1,15,1,40,21,91,Autumn term
300,2018-10-29,6449,6436,1360,4298,331,3,88,9,104,45,211,Autumn term
301,2018-10-30,6619,6657,1472,4361,366,4,79,11,96,17,213,Autumn term
302,2018-10-31,4622,4738,1127,2919,223,3,83,14,84,18,151,Autumn term
303,2018-11-01,4651,4665,1216,2916,230,1,62,14,66,39,107,Autumn term
304,2018-11-02,4994,5091,1174,3144,303,5,92,8,107,13,148,Autumn term
305,2018-11-03,2219,2308,501,1365,123,4,22,8,75,11,110,Autumn term
306,2018-11-04,2877,2876,599,1838,169,0,26,6,78,37,124,Autumn term
307,2018-11-05,7492,7653,1382,5179,427,0,102,12,98,55,237,Autumn term
308,2018-11-06,8181,8783,1310,5787,520,2,126,11,161,27,237,Autumn term
309,2018-11-07,7003,7233,1327,4782,397,5,83,7,143,43,216,Autumn term
310,2018-11-08,7931,8342,1329,5632,421,2,95,7,111,24,310,Autumn term
311,2018-11-09,5881,6117,1249,3909,345,3,86,11,107,22,149,Autumn term
312,2018-11-10,2405,2527,492,1575,118,3,10,6,80,11,110,Autumn term
313,2018-11-11,2901,2863,563,1950,177,1,4,7,90,24,85,Autumn term
314,2018-11-12,8525,8556,1639,5828,500,6,98,3,95,44,312,Autumn term
315,2018-11-13,7083,7725,1334,4869,371,5,73,15,120,30,266,Autumn term
316,2018-11-14,7077,7147,1485,4759,347,3,72,6,202,41,162,Autumn term
317,2018-11-15,6993,7187,1389,4779,389,2,63,4,132,32,203,Autumn term
318,2018-11-16,5046,5187,1184,3151,345,3,75,3,131,16,138,Autumn term
319,2018-11-17,2185,2298,540,1267,150,1,12,5,117,17,76,Autumn term
320,2018-11-18,2493,2506,561,1487,155,2,15,6,146,14,107,Autumn term
321,2018-11-19,8143,8120,1531,5559,467,4,94,0,200,42,246,Autumn term
322,2018-11-20,8322,8681,1586,5747,489,2,88,3,156,27,224,Autumn term
323,2018-11-21,6510,6632,1386,4232,366,8,111,15,192,31,169,Autumn term
324,2018-11-22,6927,6968,1415,4608,403,2,91,6,154,28,220,Autumn term
325,2018-11-23,4402,4417,968,2741,247,4,93,5,179,15,150,Autumn term
326,2018-11-24,1915,2160,501,1011,95,1,26,9,186,12,74,Autumn term
327,2018-11-25,2738,2725,591,1614,177,0,27,0,208,22,99,Autumn term
328,2018-11-26,8223,8159,1572,5553,466,6,108,4,196,74,244,Autumn term
329,2018-11-27,7721,7908,1500,5230,449,4,104,3,169,17,245,Autumn term
330,2018-11-28,6209,6386,1427,3959,347,4,102,12,127,40,191,Autumn term
331,2018-11-29,6800,6932,1371,4670,368,0,88,6,96,30,171,Autumn term
332,2018-11-30,4993,5067,1274,3139,291,6,74,0,52,16,141,Autumn term
333,2018-12-01,1792,1900,534,1033,81,1,22,5,20,15,81,Autumn term
334,2018-12-02,2593,2559,771,1539,127,0,17,2,24,15,98,Autumn term
335,2018-12-03,7653,7703,1689,5125,426,5,98,4,75,24,207,Autumn term
336,2018-12-04,8184,8297,1629,5643,417,4,102,10,95,35,249,Autumn term
337,2018-12-05,6952,7064,1459,4735,356,5,92,15,58,39,193,Autumn term
338,2018-12-06,7089,7203,1529,4822,361,3,90,7,73,36,168,Autumn term
339,2018-12-07,5229,5330,1413,3235,234,1,108,7,62,11,158,Autumn term
340,2018-12-08,2612,2695,714,1650,115,1,6,5,20,15,86,Autumn term
341,2018-12-09,3437,3414,807,2294,168,0,11,6,30,12,109,Autumn term
342,2018-12-10,8191,8188,1644,5646,467,4,87,10,54,43,236,Autumn term
343,2018-12-11,7991,8047,1477,5573,509,3,114,16,65,26,208,Autumn term
344,2018-12-12,6058,6177,1264,4036,339,4,110,4,68,24,209,Autumn term
345,2018-12-13,4960,5162,1191,3183,314,5,79,18,50,12,108,Autumn term
346,2018-12-14,2422,2545,758,1251,211,2,78,10,24,16,72,Autumn term
347,2018-12-15,709,1062,258,289,43,1,19,8,7,33,51,Christmas vacation 2
348,2018-12-16,788,783,272,296,91,1,26,4,7,32,59,Christmas vacation 2
349,2018-12-17,1766,1736,646,729,135,2,62,18,15,29,130,Christmas vacation 2
350,2018-12-18,1531,1558,642,462,113,4,77,31,10,37,155,Christmas vacation 2
351,2018-12-19,1247,1271,583,365,89,2,63,6,9,28,102,Christmas vacation 2
352,2018-12-20,1196,1227,514,368,76,3,47,13,12,36,127,Christmas vacation 2
353,2018-12-21,931,959,386,244,36,3,61,15,5,44,137,Christmas vacation 2
354,2018-12-22,514,532,264,104,28,5,6,1,0,12,94,Christmas vacation 2
355,2018-12-23,240,264,118,53,3,2,7,1,5,11,40,Christmas vacation 2
356,2018-12-24,0,5,0,0,0,0,0,0,0,0,0,Christmas vacation 2
357,2018-12-27,740,727,290,179,26,1,10,14,8,21,191,Christmas vacation 2
358,2018-12-28,875,882,301,255,56,1,11,10,7,41,193,Christmas vacation 2
359,2018-12-29,822,834,305,192,60,0,22,9,12,29,193,Christmas vacation 2
360,2018-12-30,3,13,0,1,0,1,1,0,0,0,0,Christmas vacation 2
361,2018-12-31,0,1,0,0,0,0,0,0,0,0,0,Christmas vacation 2
362,2019-01-01,1,0,0,0,0,1,0,0,0,0,0,Christmas vacation 1
363,2019-01-02,2363,2327,778,921,144,5,30,20,15,85,365,Christmas vacation 1
364,2019-01-03,2925,3063,886,1311,195,5,62,9,21,53,383,Christmas vacation 1
365,2019-01-04,2818,2876,704,1372,182,10,56,8,33,99,354,Christmas vacation 1
366,2019-01-05,2808,2868,694,1359,174,1,9,15,38,258,260,Christmas vacation 1
367,2019-01-06,3163,3205,689,1624,226,1,9,9,39,308,258,Christmas vacation 1
368,2019-01-07,4912,4920,1025,3011,355,4,100,9,59,85,264,Private study 1
369,2019-01-08,5981,5950,1353,3706,386,5,89,18,66,64,294,Private study 1
370,2019-01-09,6420,6467,1270,4249,417,8,65,12,87,61,251,Private study 1
371,2019-01-10,5895,6032,1212,3913,343,6,66,20,81,45,209,Mid-year assessment
372,2019-01-11,5097,5142,903,3503,322,1,61,12,93,47,155,Mid-year assessment
373,2019-01-12,4219,4370,754,2952,300,1,16,4,36,35,121,Mid-year assessment
374,2019-01-13,5481,5706,865,3921,395,1,6,5,50,48,190,Mid-year assessment
375,2019-01-14,7095,7431,1046,5130,460,7,84,6,105,49,208,Mid-year assessment
376,2019-01-15,6426,6665,898,4649,404,4,83,6,76,52,254,Mid-year assessment
377,2019-01-16,5822,6223,873,4143,386,5,73,5,72,45,220,Mid-year assessment
378,2019-01-17,5493,5597,872,3843,389,5,81,8,87,34,174,Mid-year assessment
379,2019-01-18,5052,5131,769,3633,332,4,70,11,90,34,109,Mid-year assessment
380,2019-01-19,3682,3789,554,2652,259,1,13,7,46,32,118,Mid-year assessment
381,2019-01-20,4137,4169,575,2984,291,1,3,2,80,48,153,Mid-year assessment
382,2019-01-21,4519,4543,505,3313,286,4,91,11,98,41,170,Mid-year assessment
383,2019-01-22,3584,3484,472,2650,212,5,75,5,51,12,102,Mid-year assessment
384,2019-01-23,2973,3173,472,2017,164,6,87,16,58,26,127,Winter graduation
385,2019-01-24,2023,2100,381,1280,124,3,76,7,40,21,91,Winter graduation
386,2019-01-25,1158,1210,305,553,70,1,56,6,44,2,121,Winter graduation
387,2019-01-26,424,478,135,137,28,1,14,11,30,12,56,Inter-session week
388,2019-01-27,503,507,100,202,27,1,11,2,34,25,101,Inter-session week
389,2019-01-28,1220,1163,388,459,81,7,90,19,36,40,100,Inter-session week
390,2019-01-29,1087,1100,328,443,75,6,87,4,20,7,117,Inter-session week
391,2019-01-30,1141,1155,375,402,86,3,94,10,64,8,99,Inter-session week
392,2019-01-31,1101,1139,322,452,79,3,75,6,50,12,102,Inter-session week
393,2019-02-01,857,886,264,373,54,3,58,1,39,1,64,Inter-session week
394,2019-02-02,530,540,146,204,41,1,13,6,31,11,77,Inter-session week
395,2019-02-03,628,648,147,289,35,1,22,6,28,10,90,Inter-session week
396,2019-02-04,3940,3917,690,2674,271,3,75,6,67,27,127,Spring term
397,2019-02-05,4638,4791,903,3045,328,7,82,7,89,25,152,Spring term
398,2019-02-06,3100,3104,842,1775,185,4,106,7,68,12,101,Spring term
399,2019-02-07,4275,4304,841,2843,289,4,102,4,54,7,131,Spring term
400,2019-02-08,3118,3162,815,1870,160,4,86,2,54,21,106,Spring term
401,2019-02-09,813,891,199,414,51,1,26,8,17,18,79,Spring term
402,2019-02-10,1005,1022,237,588,49,0,10,8,22,19,72,Spring term
403,2019-02-11,5429,5831,1050,3643,340,3,89,10,76,41,177,Spring term
404,2019-02-12,6176,6144,1214,4136,409,4,96,6,73,12,226,Spring term
405,2019-02-13,3997,4216,943,2443,255,6,94,7,99,24,126,Spring term
406,2019-02-14,4117,4168,898,2668,271,4,81,4,55,16,120,Spring term
407,2019-02-15,3263,3335,827,1994,163,3,91,2,71,9,103,Spring term
408,2019-02-16,1078,1127,235,586,38,1,33,9,49,8,119,Spring term
409,2019-02-17,1420,1366,306,867,66,2,29,0,30,8,112,Spring term
410,2019-02-18,6002,5820,1183,3958,394,2,90,6,132,39,198,Spring term
411,2019-02-19,5959,5893,1137,3934,397,6,119,7,89,33,237,Spring term
412,2019-02-20,4599,4558,1131,2706,278,7,113,4,134,37,189,Spring term
413,2019-02-21,4964,5037,1002,3305,289,5,76,5,69,26,187,Spring term
414,2019-02-22,3533,3617,700,2216,200,4,83,10,118,20,182,Spring term
415,2019-02-23,1100,1118,262,584,50,1,12,6,55,9,121,Spring term
416,2019-02-24,1397,1445,290,781,74,0,34,5,58,23,132,Spring term
417,2019-02-25,5604,5536,1088,3779,360,3,102,6,94,20,152,Spring term
418,2019-02-26,5696,5895,1267,3645,376,6,69,11,99,37,186,Spring term
419,2019-02-27,4343,4471,1002,2721,236,5,94,13,107,30,135,Spring term
420,2019-02-28,5108,5146,900,3485,341,4,91,8,92,36,151,Spring term
421,2019-03-01,3845,3984,817,2426,268,3,72,7,144,16,92,Spring term
422,2019-03-02,1356,1419,258,825,53,1,21,6,93,7,92,Spring term
423,2019-03-03,1763,1758,325,1112,87,0,26,2,89,15,107,Spring term
424,2019-03-04,7080,7067,1343,4743,449,3,95,12,151,25,259,Spring term
425,2019-03-05,6723,6902,1299,4604,384,2,99,8,79,26,222,Spring term
426,2019-03-06,5271,5384,1047,3464,289,5,99,4,140,35,188,Spring term
427,2019-03-07,5788,5831,1063,3969,336,4,81,1,167,11,156,Spring term
428,2019-03-08,4352,4518,902,2740,280,6,82,6,174,17,145,Spring term
429,2019-03-09,1982,1948,404,992,78,2,34,4,111,37,320,Spring term
430,2019-03-10,2157,2250,401,1229,156,0,31,6,181,28,125,Spring term
431,2019-03-11,7066,7019,1225,4786,456,8,105,7,197,33,249,Spring term
432,2019-03-12,6563,6725,1194,4399,423,3,87,8,197,32,220,Spring term
433,2019-03-13,5828,5896,989,4014,356,5,97,4,110,25,228,Spring term
434,2019-03-14,6028,6135,1036,4245,390,4,85,5,48,16,199,Spring term
435,2019-03-15,4150,4244,910,2683,262,4,70,7,48,27,139,Spring term
436,2019-03-16,2036,2122,522,1188,85,1,11,8,34,25,162,Spring term
437,2019-03-17,2518,2497,528,1581,146,0,28,1,23,14,197,Spring term
438,2019-03-18,6839,6816,1234,4791,384,1,69,6,78,28,248,Spring term
439,2019-03-19,7345,7533,1246,5143,442,2,95,6,55,48,308,Spring term
440,2019-03-20,5861,5941,1138,3905,376,2,134,11,62,25,208,Spring term
441,2019-03-21,6116,6192,1179,4094,405,4,99,11,51,29,244,Spring term
442,2019-03-22,4470,4564,946,2861,295,3,125,11,44,11,174,Spring term
443,2019-03-23,2190,2277,452,1241,127,1,33,12,40,12,272,Spring term
444,2019-03-24,2666,2696,427,1768,157,0,17,8,37,17,235,Spring term
445,2019-03-25,7046,6960,1109,4963,466,3,119,12,58,33,283,Spring term
446,2019-03-26,7452,7537,1301,5140,481,4,104,6,66,45,305,Spring term
447,2019-03-27,5994,6110,1024,4068,399,4,134,6,54,34,271,Spring term
448,2019-03-28,6062,6157,1097,4079,406,4,131,7,57,20,261,Spring term
449,2019-03-29,4020,4107,863,2577,249,4,76,6,39,17,189,Spring term
450,2019-03-30,1770,1838,443,975,101,2,21,10,40,7,171,Spring term
451,2019-03-31,2210,2185,528,1351,147,0,9,3,29,16,127,Spring term
452,2019-04-01,6229,6485,1097,4182,438,5,113,5,55,24,310,Spring term
453,2019-04-02,6674,6801,1157,4443,395,1,100,1,67,32,478,Spring term
454,2019-04-03,6138,6278,1096,3973,397,6,127,8,51,25,455,Spring term
455,2019-04-04,6268,6398,1014,4266,359,3,131,9,36,26,424,Spring term
456,2019-04-05,4455,4574,974,2800,291,7,84,9,33,27,230,Spring term
457,2019-04-06,1945,2063,471,1089,108,1,12,6,32,22,204,Spring term
458,2019-04-07,2521,2515,446,1603,129,0,10,1,31,28,273,Spring term
459,2019-04-08,7355,7315,1257,4770,519,4,108,7,66,48,576,Spring term
460,2019-04-09,6959,7272,1185,4538,401,6,110,11,74,35,599,Spring term
461,2019-04-10,5999,6076,1161,3815,371,6,128,12,50,32,424,Spring term
462,2019-04-11,5460,5546,1092,3362,360,2,103,26,29,43,443,Spring term
463,2019-04-12,3720,3791,826,2120,216,4,73,13,35,35,398,Spring term
464,2019-04-13,1624,1684,332,757,64,1,15,12,28,16,399,Easter teaching break
465,2019-04-14,1540,1495,285,857,79,1,2,11,19,50,236,Easter teaching break
466,2019-04-15,3198,3095,694,1620,154,1,82,23,49,85,490,Easter teaching break
467,2019-04-16,3147,3104,777,1497,160,2,99,23,48,41,500,Easter teaching break
468,2019-04-17,3052,3083,770,1431,175,4,110,26,54,52,430,Easter teaching break
469,2019-04-18,2358,2450,611,1070,104,1,64,10,32,41,425,Easter teaching break
470,2019-04-19,1,88,0,0,0,0,1,0,0,0,0,Easter teaching break
471,2019-04-20,2,1,0,0,0,2,0,0,0,0,0,Easter teaching break
472,2019-04-21,2,3,0,0,0,0,2,0,0,0,0,Easter teaching break
473,2019-04-22,2,1,0,0,0,1,1,0,0,0,0,Easter teaching break
474,2019-04-23,3017,2937,750,1645,164,2,59,14,55,70,258,Easter teaching break
475,2019-04-24,3459,3499,785,1854,215,7,118,32,64,72,312,Easter teaching break
476,2019-04-25,3715,3718,833,2034,261,9,126,17,65,69,301,Easter teaching break
477,2019-04-26,3346,3404,751,1909,234,4,92,20,56,69,211,Easter teaching break
478,2019-04-27,2531,2582,517,1420,190,1,12,8,56,64,263,Easter teaching break
479,2019-04-28,3355,3345,662,2006,220,0,32,7,55,76,297,Easter teaching break
480,2019-04-29,8502,8507,1326,5952,596,2,128,13,96,71,318,Spring term
481,2019-04-30,8809,8959,1339,6286,597,2,106,9,126,51,293,Spring term
482,2019-05-01,7963,8069,1330,5508,558,2,116,22,102,63,262,Spring term
483,2019-05-02,8293,8375,1432,5724,558,3,124,7,80,80,285,Spring term
484,2019-05-03,7068,7223,1281,4825,499,1,108,6,75,45,228,Spring term
485,2019-05-04,4772,4829,949,2947,347,3,35,13,88,92,298,Spring term
486,2019-05-05,5378,5432,1010,3480,366,0,19,6,68,113,316,Spring term
487,2019-05-06,7651,7655,1311,5214,515,1,52,12,114,168,264,Spring term
488,2019-05-07,10016,9982,1469,7164,694,3,117,3,128,86,352,Spring term
489,2019-05-08,8798,8848,1323,6218,649,6,107,2,107,67,319,Spring term
490,2019-05-09,8723,8897,1478,6003,683,3,109,8,128,85,226,Spring term
491,2019-05-10,6652,7797,1058,4564,551,4,80,3,105,72,215,Spring term
492,2019-05-11,5033,5119,912,3194,339,1,14,8,90,118,357,Spring term
493,2019-05-12,5655,5666,949,3699,391,0,9,7,113,105,382,Spring term
494,2019-05-13,8503,8411,1419,5886,587,5,115,15,106,76,294,Private study 2
495,2019-05-14,9267,9319,1500,6539,605,4,95,5,129,99,291,Private study 2
496,2019-05-15,8823,8880,1467,6104,608,3,104,7,151,84,295,Private study 2
497,2019-05-16,8118,8559,1115,5802,600,5,86,1,131,77,301,Year-end assessment
498,2019-05-17,6707,6828,849,4815,479,5,83,4,102,105,265,Year-end assessment
499,2019-05-18,6343,6365,701,4332,452,2,26,13,111,177,529,Year-end assessment
500,2019-05-19,6340,6338,715,4342,455,0,28,6,100,190,504,Year-end assessment
501,2019-05-20,7589,7711,1213,5152,588,5,93,17,171,57,293,Year-end assessment
502,2019-05-21,6968,7059,1263,4607,514,6,109,3,131,93,242,Year-end assessment
503,2019-05-22,6873,6883,1202,4549,552,5,122,8,131,65,239,Year-end assessment
504,2019-05-23,6207,6391,1145,4052,551,6,123,21,57,66,186,Year-end assessment
505,2019-05-24,5370,5436,913,3668,393,2,81,13,67,47,186,Year-end assessment
506,2019-05-25,5018,5095,927,3192,317,1,32,19,67,117,346,Year-end assessment
507,2019-05-26,5024,4995,943,3071,416,0,36,15,76,107,360,Year-end assessment
508,2019-05-27,6148,6227,1187,3916,420,0,38,15,87,131,354,Year-end assessment
509,2019-05-28,5675,6041,1329,3441,395,2,106,11,66,49,276,Year-end assessment
510,2019-05-29,5126,5186,1094,3193,328,2,129,5,122,35,218,Year-end assessment
511,2019-05-30,4810,4894,976,3036,291,8,118,2,82,34,263,Year-end assessment
512,2019-05-31,4152,4260,779,2650,252,2,105,1,82,23,258,Year-end assessment
513,2019-06-01,3149,3208,535,1904,181,0,21,13,74,70,351,Year-end assessment
514,2019-06-02,4001,3973,616,2564,238,0,19,8,69,88,399,Year-end assessment
515,2019-06-03,4879,4922,1062,2896,344,5,114,2,123,23,310,Year-end assessment
516,2019-06-04,4550,4601,985,2833,257,6,102,5,90,22,250,Year-end assessment
517,2019-06-05,4506,4484,1076,2650,219,1,106,9,113,18,314,Year-end assessment
518,2019-06-06,3712,3786,783,2265,198,3,87,12,102,11,251,Year-end assessment
519,2019-06-07,2816,2884,503,1724,144,2,62,4,138,6,233,Year-end assessment
520,2019-06-08,2084,2162,316,1225,102,0,23,7,83,16,312,Year-end assessment
521,2019-06-09,2995,3110,450,1754,130,0,19,4,136,15,487,Year-end assessment
522,2019-06-10,3498,3531,741,1993,180,4,78,8,124,17,353,Year-end assessment
523,2019-06-11,3470,3508,826,1870,193,6,109,6,158,22,280,Year-end assessment
524,2019-06-12,2791,2862,775,1306,129,4,100,13,163,22,279,Year-end assessment
525,2019-06-13,2099,2134,585,907,94,3,98,13,194,18,187,Year-end assessment
526,2019-06-14,1083,1173,417,227,47,3,68,18,196,12,95,Year-end assessment
527,2019-06-15,394,437,133,40,6,6,13,4,76,17,99,Summer vacation
528,2019-06-16,386,390,92,44,7,2,7,3,85,21,125,Summer vacation
529,2019-06-17,1153,1128,573,126,43,2,72,4,222,10,101,Summer vacation
530,2019-06-18,1201,1225,582,132,30,4,76,11,190,34,142,Summer vacation
531,2019-06-19,983,1009,521,104,32,4,101,10,105,36,70,Summer vacation
532,2019-06-20,941,992,530,114,27,10,114,7,33,6,100,Summer vacation
533,2019-06-21,784,798,491,72,17,5,78,12,17,2,90,Summer vacation
534,2019-06-22,197,241,82,31,4,2,23,7,17,4,27,Summer vacation
535,2019-06-23,221,223,110,31,9,1,10,1,8,3,48,Summer vacation
536,2019-06-24,1058,1029,570,220,15,10,110,14,9,2,108,Summer vacation
537,2019-06-25,1164,1197,577,325,34,7,81,18,19,1,102,Summer vacation
538,2019-06-26,1054,1057,562,260,53,8,77,7,11,0,76,Summer vacation
539,2019-06-27,928,990,463,227,27,13,69,13,28,2,86,Summer vacation
540,2019-06-28,779,792,418,167,32,5,79,4,16,7,51,Summer vacation
541,2019-06-29,259,288,146,60,5,2,6,4,5,1,30,Summer vacation
542,2019-06-30,348,358,159,125,9,1,7,1,4,14,28,Summer vacation
543,2019-07-01,1094,1036,590,244,40,5,86,2,17,3,107,Summer vacation
544,2019-07-02,1120,1131,632,259,31,8,82,2,17,3,86,Summer vacation
545,2019-07-03,1146,1165,660,263,22,5,100,6,12,2,76,Summer vacation
546,2019-07-04,1176,1172,665,250,42,8,91,4,13,5,98,Summer vacation
547,2019-07-05,846,867,571,106,18,8,56,12,3,8,64,Summer vacation
548,2019-07-06,301,354,176,47,12,3,13,4,2,9,35,Summer vacation
549,2019-07-07,285,293,173,55,11,1,3,3,2,7,30,Summer vacation
550,2019-07-08,1105,1063,594,243,23,5,124,6,9,10,91,Summer vacation
551,2019-07-09,1047,1065,578,206,28,6,99,4,18,14,94,Summer vacation
552,2019-07-10,1051,1081,644,180,25,6,83,11,20,7,75,Summer vacation
553,2019-07-11,1039,1056,638,188,30,6,64,5,16,8,84,Summer vacation
554,2019-07-12,917,934,574,99,35,5,80,13,19,4,88,Summer vacation
555,2019-07-13,385,433,229,72,11,3,9,8,4,10,39,Summer vacation
556,2019-07-14,353,357,171,102,9,2,8,0,6,10,45,Summer vacation
557,2019-07-15,1301,1260,716,288,35,5,98,12,16,9,122,Summer vacation
558,2019-07-16,1301,1307,711,260,47,6,145,4,14,1,113,Summer vacation
559,2019-07-17,1343,1361,730,347,45,5,87,11,12,4,102,Summer vacation
560,2019-07-18,1106,1138,632,196,34,5,97,9,20,6,107,Summer vacation
561,2019-07-19,951,972,557,169,42,4,65,12,13,4,85,Summer vacation
562,2019-07-20,392,425,206,85,18,1,14,2,3,8,55,Summer vacation
563,2019-07-21,490,492,223,182,15,1,3,0,2,3,61,Summer vacation
564,2019-07-22,1740,1719,825,541,53,4,117,13,7,12,168,Summer graduation
565,2019-07-23,1356,1429,677,424,29,8,78,8,15,11,106,Summer graduation
566,2019-07-24,1324,1326,715,327,28,7,86,7,5,9,140,Summer graduation
567,2019-07-25,1239,1266,523,454,27,2,74,14,15,15,115,Summer graduation
568,2019-07-26,979,999,545,230,36,2,60,9,10,2,85,Summer graduation
569,2019-07-27,466,466,300,60,15,7,21,3,3,8,49,Summer vacation
570,2019-07-28,458,484,252,126,12,1,8,2,1,8,48,Summer vacation
571,2019-07-29,1499,1458,915,257,43,5,136,18,6,16,103,Summer vacation
572,2019-07-30,1536,1545,811,391,74,6,112,9,13,26,94,Summer vacation
573,2019-07-31,1553,1569,886,359,58,10,104,5,6,15,110,Summer vacation
574,2019-08-01,1463,1481,830,356,51,5,70,16,11,15,109,Summer vacation
575,2019-08-02,1200,1214,715,214,65,7,52,9,14,17,107,Summer vacation
576,2019-08-03,313,358,123,125,19,2,13,0,0,1,30,Summer vacation
577,2019-08-04,546,554,227,225,23,1,6,1,9,6,48,Summer vacation
578,2019-08-05,2095,2045,924,784,50,6,118,11,33,23,146,Summer vacation
579,2019-08-06,2152,2177,1080,717,49,8,100,16,20,17,145,Summer vacation
580,2019-08-07,1612,1633,892,364,70,12,82,14,25,13,140,Summer vacation
581,2019-08-08,1600,1614,921,384,57,8,75,20,16,19,100,Summer vacation
582,2019-08-09,1247,1269,774,222,49,4,53,11,20,14,100,Summer vacation
583,2019-08-10,479,516,269,111,24,2,8,3,4,9,49,Summer vacation
584,2019-08-11,519,519,305,131,21,1,5,0,5,9,42,Summer vacation
585,2019-08-12,1818,1923,785,652,81,7,86,9,22,32,144,Summer vacation
586,2019-08-13,2170,2213,1013,725,112,9,100,6,19,25,161,Summer vacation
587,2019-08-14,1808,1872,951,487,80,8,77,10,18,27,150,Summer vacation
588,2019-08-15,1893,1902,973,512,87,7,79,7,23,27,178,Summer vacation
589,2019-08-16,1465,1485,808,315,76,4,61,10,15,36,140,Summer vacation
590,2019-08-17,747,797,407,159,45,2,5,1,5,55,68,Summer vacation
591,2019-08-18,700,721,364,202,35,1,8,0,8,42,40,Summer vacation
592,2019-08-19,1998,2076,1034,525,127,9,79,8,35,58,123,Summer vacation assessment
593,2019-08-20,2347,2366,1034,845,116,8,83,2,33,58,168,Summer vacation assessment
594,2019-08-21,2085,2117,1051,601,144,8,66,6,30,37,142,Summer vacation assessment
595,2019-08-22,1686,1733,878,458,83,6,61,6,30,41,123,Summer vacation assessment
596,2019-08-23,1546,1559,962,272,102,4,63,6,24,26,87,Summer vacation assessment
597,2019-08-24,536,594,307,123,30,1,4,3,4,13,51,Summer vacation assessment
598,2019-08-25,791,774,436,168,48,1,4,2,11,22,99,Summer vacation assessment
599,2019-08-26,1465,1452,888,296,81,3,5,7,21,55,109,Summer vacation assessment
600,2019-08-27,1649,1683,952,369,86,10,79,2,24,12,115,Summer vacation assessment
601,2019-08-28,1511,1513,1043,164,55,4,71,11,32,10,121,Summer vacation assessment
602,2019-08-29,1372,1382,907,128,67,9,66,16,25,23,131,Summer vacation assessment
603,2019-08-30,954,989,634,76,61,6,61,6,12,6,92,Summer vacation assessment
604,2019-08-31,399,432,246,33,31,2,16,4,8,1,58,Summer vacation assessment
605,2019-09-01,471,474,295,34,35,1,4,4,10,28,60,Summer vacation assessment
606,2019-09-02,1009,976,605,100,43,15,69,9,31,17,120,Summer vacation assessment
607,2019-09-03,725,759,414,76,26,10,64,7,28,5,95,Summer vacation assessment
608,2019-09-04,603,614,316,70,33,7,56,5,15,8,93,Summer vacation assessment
609,2019-09-05,698,700,369,79,43,6,60,5,13,10,113,Summer vacation assessment
610,2019-09-06,576,591,265,76,43,6,63,3,22,0,98,Summer vacation assessment
611,2019-09-07,152,213,53,14,26,1,6,2,8,10,32,Summer vacation
612,2019-09-08,154,164,66,18,12,1,7,1,7,12,30,Summer vacation
613,2019-09-09,607,562,284,96,25,4,78,6,15,6,93,Summer vacation
614,2019-09-10,628,637,296,74,40,5,87,2,25,0,99,Summer vacation
615,2019-09-11,545,582,232,77,43,7,77,6,9,1,93,Summer vacation
616,2019-09-12,541,558,215,40,48,5,75,10,69,1,78,Summer vacation
617,2019-09-13,523,551,228,63,22,6,75,9,27,1,92,Summer vacation
618,2019-09-14,160,211,40,21,17,5,11,1,12,12,41,Summer vacation
619,2019-09-15,109,116,22,17,14,1,2,1,5,5,42,Summer vacation
620,2019-09-16,563,528,256,101,32,5,69,10,23,2,65,Summer vacation
621,2019-09-17,659,674,319,95,32,5,64,9,31,3,101,Summer vacation
622,2019-09-18,690,684,327,137,24,4,86,3,28,0,81,Summer vacation
623,2019-09-19,587,603,252,118,16,6,93,5,24,0,73,Summer vacation
624,2019-09-20,503,528,182,121,33,3,68,6,21,3,66,Summer vacation
625,2019-09-21,337,402,75,100,17,6,7,2,25,15,90,Arrival Weekend
626,2019-09-22,536,567,66,262,26,1,3,4,40,20,114,Arrival Weekend
627,2019-09-23,1161,1234,302,514,56,3,87,3,66,5,125,Autumn term
628,2019-09-24,1505,1643,512,603,52,6,108,2,107,3,112,Autumn term
629,2019-09-25,1562,1725,509,728,55,7,87,0,80,6,90,Autumn term
630,2019-09-26,2129,2287,927,814,47,5,111,0,113,7,105,Autumn term
631,2019-09-27,2131,2224,994,780,57,7,77,9,107,5,95,Autumn term
632,2019-09-28,643,724,223,267,27,6,19,8,35,13,45,Autumn term
633,2019-09-29,691,715,194,338,31,0,11,1,34,26,56,Autumn term
634,2019-09-30,5853,5990,1271,3773,278,3,119,8,236,5,160,Autumn term
635,2019-10-01,5389,5535,1114,3597,254,5,92,9,126,5,187,Autumn term
636,2019-10-02,4657,4733,1102,2898,209,4,97,12,168,18,149,Autumn term
637,2019-10-03,5992,6017,1150,4071,333,3,98,6,88,7,236,Autumn term
638,2019-10-04,4804,4961,978,3174,277,0,89,8,133,6,139,Autumn term
639,2019-10-05,554,738,116,335,20,1,2,3,31,2,44,Autumn term
640,2019-10-06,1376,1364,294,898,50,0,15,5,41,15,58,Autumn term
641,2019-10-07,6959,7073,1302,4714,390,3,120,11,176,13,230,Autumn term
642,2019-10-08,5620,6873,1073,3321,275,6,97,7,79,13,749,Autumn term
643,2019-10-09,4471,4401,1009,2721,215,4,108,10,112,14,278,Autumn term
644,2019-10-10,6345,6645,1080,4504,363,3,102,4,72,18,199,Autumn term
645,2019-10-11,4420,4641,836,3062,252,3,80,6,61,10,110,Autumn term
646,2019-10-12,845,984,193,489,30,4,27,6,20,4,72,Autumn term
647,2019-10-13,1448,1443,297,924,62,0,11,11,47,18,78,Autumn term
648,2019-10-14,6990,7004,1251,4836,375,4,94,9,142,15,264,Autumn term
649,2019-10-15,7036,7168,1318,4890,356,2,87,9,65,20,289,Autumn term
650,2019-10-16,4967,5145,1090,3145,268,9,90,13,152,20,180,Autumn term
651,2019-10-17,6276,6489,1146,4373,356,5,88,11,64,27,206,Autumn term
652,2019-10-18,4653,4811,883,3205,246,2,79,9,113,9,107,Autumn term
653,2019-10-19,1042,1139,212,659,50,1,10,7,45,7,51,Autumn term
654,2019-10-20,1511,1533,264,966,93,0,29,4,65,17,73,Autumn term
655,2019-10-21,7000,7378,1228,4836,399,5,98,10,179,20,225,Autumn term
656,2019-10-22,6942,7220,1310,4872,365,2,91,3,81,27,191,Autumn term
657,2019-10-23,5321,5435,1160,3454,306,1,82,6,148,17,147,Autumn term
658,2019-10-24,6510,6654,1013,4627,414,2,70,13,109,15,247,Autumn term
659,2019-10-25,5087,5188,1065,3369,334,3,78,14,75,9,140,Autumn term
660,2019-10-26,1277,1391,285,848,63,2,10,9,13,4,43,Autumn term
661,2019-10-27,2059,2023,392,1427,96,0,35,3,42,9,55,Autumn term
662,2019-10-28,7862,7977,1308,5515,456,5,90,7,186,20,275,Autumn term
663,2019-10-29,7524,7738,1373,5265,416,2,100,9,116,22,221,Autumn term
664,2019-10-30,6281,6407,1161,4309,341,1,92,11,123,21,222,Autumn term
665,2019-10-31,5741,5897,1083,4025,350,2,87,11,29,14,140,Autumn term
666,2019-11-01,3662,3587,846,2384,191,5,77,8,40,8,103,Autumn term
667,2019-11-02,1162,1383,291,692,77,2,18,1,22,6,53,Autumn term
668,2019-11-03,2769,2773,582,1822,168,0,18,7,56,9,107,Autumn term
669,2019-11-04,6805,6822,1338,4586,419,3,91,9,104,25,230,Autumn term
670,2019-11-05,6284,6387,1145,4420,381,2,92,11,45,40,148,Autumn term
671,2019-11-06,5675,5732,1138,3816,311,0,121,4,75,28,182,Autumn term
672,2019-11-07,6823,6509,1018,4946,429,3,108,1,64,23,231,Autumn term
673,2019-11-08,5191,5715,993,3605,297,3,77,9,59,24,124,Autumn term
674,2019-11-09,2099,2146,407,1370,109,1,15,10,57,22,108,Autumn term
675,2019-11-10,2776,2789,477,1962,153,2,20,8,55,22,77,Autumn term
676,2019-11-11,8023,8178,1195,5824,533,5,91,6,145,27,197,Autumn term
677,2019-11-12,8552,8807,1360,6031,530,2,103,9,52,23,442,Autumn term
678,2019-11-13,7405,7566,1280,5122,465,0,115,9,120,30,264,Autumn term
679,2019-11-14,7588,7956,930,5703,513,2,90,7,99,20,224,Autumn term
680,2019-11-15,5289,5455,868,3718,405,1,61,8,69,17,142,Autumn term
681,2019-11-16,2163,2208,452,1427,110,0,7,4,53,28,82,Autumn term
682,2019-11-17,2799,2825,538,1886,166,0,10,2,94,17,86,Autumn term
683,2019-11-18,7761,7929,1174,5483,553,0,79,10,158,22,282,Autumn term
684,2019-11-19,7584,7665,1222,5388,518,1,60,10,87,27,271,Autumn term
685,2019-11-20,6650,6768,1046,4632,492,0,78,8,173,42,179,Autumn term
686,2019-11-21,6558,6719,1030,4625,464,2,72,8,127,31,199,Autumn term
687,2019-11-22,5004,5122,813,3441,390,1,69,8,136,26,120,Autumn term
688,2019-11-23,1490,1557,281,886,125,0,3,13,107,10,65,Autumn term
689,2019-11-24,2139,2121,383,1386,155,0,6,5,83,30,91,Autumn term
690,2019-11-25,5188,5208,872,3557,326,0,57,4,237,18,117,Autumn term
691,2019-11-26,5510,5559,961,3801,342,1,76,2,145,31,151,Autumn term
692,2019-11-27,4742,4784,816,3166,340,0,86,6,180,13,135,Autumn term
693,2019-11-28,4944,5022,891,3312,302,1,83,11,209,19,116,Autumn term
694,2019-11-29,3620,3754,632,2350,240,3,65,6,221,11,92,Autumn term
695,2019-11-30,1832,1875,334,1086,120,1,17,13,169,20,72,Autumn term
696,2019-12-01,1993,1971,345,1240,97,1,17,5,180,29,79,Autumn term
697,2019-12-02,6564,6504,965,4527,429,3,77,4,324,38,197,Autumn term
698,2019-12-03,7141,7172,1118,5035,430,5,85,6,220,56,186,Autumn term
699,2019-12-04,6293,6425,1134,4179,398,2,71,10,282,62,155,Autumn term
700,2019-12-05,7340,7443,1269,5212,503,3,76,10,61,40,166,Autumn term
701,2019-12-06,5684,5878,1062,3853,434,14,77,12,62,28,142,Autumn term
702,2019-12-07,2920,3026,563,1965,189,1,8,8,64,37,85,Autumn term
703,2019-12-08,3610,3591,639,2490,241,0,11,10,75,34,110,Autumn term
704,2019-12-09,8700,8616,1391,6271,649,10,97,7,65,30,180,Autumn term
705,2019-12-10,8034,8223,1058,5895,576,5,97,2,80,41,280,Autumn term
706,2019-12-11,6914,7006,1270,4782,511,2,83,5,67,16,178,Autumn term
707,2019-12-12,5414,5655,909,3818,454,3,63,3,21,44,99,Autumn term
708,2019-12-13,3210,3350,704,2080,268,3,42,7,6,33,67,Autumn term
709,2019-12-14,1085,1114,299,583,80,2,5,8,18,22,68,Christmas vacation 2
710,2019-12-15,997,1018,272,535,61,1,7,7,7,32,75,Christmas vacation 2
711,2019-12-16,2041,2006,597,1092,134,6,52,7,15,23,115,Christmas vacation 2
712,2019-12-17,1957,1979,530,1000,143,3,55,2,11,50,163,Christmas vacation 2
713,2019-12-18,1621,1664,483,710,136,5,66,5,13,49,154,Christmas vacation 2
714,2019-12-19,1301,1352,472,523,72,3,56,7,6,47,115,Christmas vacation 2
715,2019-12-20,1093,1120,456,326,61,3,41,6,1,34,165,Christmas vacation 2
716,2019-12-21,560,593,249,164,11,0,3,6,1,27,99,Christmas vacation 2
717,2019-12-22,595,600,268,171,12,1,8,3,3,35,94,Christmas vacation 2
718,2019-12-23,537,561,251,153,19,5,7,3,0,8,91,Christmas vacation 2
719,2019-12-24,8,24,0,0,0,1,0,0,0,0,7,Christmas vacation 2
720,2019-12-25,0,2,0,0,0,0,0,0,0,0,0,Christmas vacation 2
721,2019-12-26,1,0,0,0,0,1,0,0,0,0,0,Christmas vacation 2
722,2019-12-27,8,11,0,0,0,3,1,0,0,0,4,Christmas vacation 2
723,2019-12-28,535,527,203,178,19,0,12,3,0,18,102,Christmas vacation 2
724,2019-12-29,792,797,247,285,42,3,7,8,4,25,171,Christmas vacation 2
725,2019-12-30,991,1004,261,422,79,4,21,6,1,12,185,Christmas vacation 2
726,2019-12-31,3,27,0,0,0,2,0,0,0,0,1,Christmas vacation 2
